id_cliente,prediccion
2,0.13370056893023022
3,0.057739563186050356
7,0.12477727355591195
10,0.05669621623329095
11,0.13326241821577
12,0.02800436540354051
14,0.12519782443823932
16,0.13722795986819886
25,0.1273201423315637
32,0.10812761765252041
38,0.12615683066464922
42,0.12719322436172892
63,0.12579440549167134
65,0.12834616566433532
70,0.1239855461521611
74,0.14467087399615025
76,0.13815353245104384
83,0.052316977198793094
90,0.08107119863856531
98,0.14496667099599375
104,0.1245310143433215
121,0.060371098070986326
124,0.13555166015331482
125,0.15554769384975806
137,0.15668767858735597
143,0.0501965575819457
144,0.14562931634360857
157,0.1349964403224168
163,0.1307463751856096
197,0.06242030817254117
203,0.15327517120153178
205,0.13093140411263512
209,0.03145177999815789
228,0.16735284970773037
231,0.11878403121889011
237,0.1451938237986155
243,0.062289067062628004
247,0.1283648343327731
249,0.05481478062726193
253,0.145227323478003
261,0.11960023084773896
263,0.02728245265946728
275,0.03488595127649404
279,0.1592410581629926
280,0.12785329450696858
292,0.12270100716777273
297,0.12996667226028094
299,0.1229559257274746
302,0.048290273271077586
304,0.12289542091022883
308,0.24163268094627194
318,0.1424066379624342
319,0.15565626646462288
323,0.05784048808366686
325,0.1474900875890631
339,0.13807012870415977
340,0.13237346789777757
355,0.11407211044902835
359,0.1476156304444476
368,0.1495494379859344
371,0.12800238674419945
378,0.13477607517741547
390,0.12975279840042114
392,0.14626729163444968
409,0.09999569604888567
412,0.06187836564815696
420,0.13555746938957838
422,0.11620793256292916
428,0.13930003951039618
429,0.03200657672535301
430,0.14353505514487186
434,0.05299164468548421
437,0.13950855979792753
447,0.0526577398549697
464,0.04816056946296621
466,0.148077311109249
468,0.2357839151855306
470,0.1389006123044068
473,0.13060492160567722
475,0.054002955417197976
476,0.15350658866673667
480,0.04708665881113694
483,0.13339536973596608
487,0.166667165537431
495,0.1542625510061238
496,0.15720781733294614
499,0.1386520416574088
502,0.05950223008104304
504,0.1440391573711974
508,0.0576037805980009
514,0.11690583759229085
515,0.1474451777084941
538,0.11039154275432535
548,0.13533754300260772
551,0.12718883095459982
553,0.14356872694176745
560,0.049873757656174446
564,0.1375044009443041
572,0.05789362303537624
577,0.030949379277973376
578,0.23511966733444875
591,0.04798322875226922
593,0.12384705146721661
604,0.1310756686457524
606,0.13737997236965988
614,0.1513478082133692
616,0.05379586470814744
622,0.13114013870561067
626,0.051076208908359136
632,0.04684150398219817
637,0.05152461247957203
640,0.10771308105849724
647,0.11512065326444568
648,0.05199971047346803
653,0.13607969778287354
654,0.0333245492283404
659,0.14430279263729612
661,0.031273485777035905
670,0.05379518186475681
671,0.04875871055452018
673,0.14020800978086623
674,0.12318825054125726
682,0.14661183290636814
683,0.1350926477579327
687,0.1279763974866237
688,0.05689219432180749
689,0.1389540708750584
701,0.12470074002760237
705,0.11776337435362964
707,0.1084180252991646
710,0.1270684706507399
714,0.10442353051031181
716,0.126347059734224
717,0.14892374951859721
729,0.061983303795001
732,0.13017130304833557
734,0.13839472261001726
736,0.13141268566486514
742,0.0504700098581745
750,0.13162858606207836
764,0.13594036422390615
767,0.11882706846707476
768,0.14826602720383839
774,0.15478495303918288
777,0.0507158791922928
784,0.1419730890367067
785,0.13568974753039637
786,0.12824508776448043
787,0.23924008578834002
788,0.12231449083967716
790,0.14981505624201932
794,0.052884948286775015
796,0.12906167223182047
802,0.05125534946815843
812,0.1418065050062304
814,0.03337872181230696
816,0.04636179950000696
817,0.13019303618677597
834,0.11933874954419484
835,0.13701374444362535
836,0.11963209465890638
837,0.12193313136902988
840,0.04978988215448425
841,0.05122819864340149
854,0.047333366008075986
858,0.11625966730076262
859,0.04974998956872921
883,0.1286100282400124
887,0.053678811348152625
902,0.13204173465193053
913,0.1307684485368551
915,0.12049219195287826
916,0.15055419525704442
917,0.12121821746528942
924,0.11390658635147918
929,0.13914111207944396
933,0.1426090231247456
936,0.1382822788938161
941,0.0513879549720717
946,0.0586336564058643
948,0.05629624953103183
952,0.1138189624245457
959,0.13242232351748578
963,0.1360150410561892
965,0.11152852183553918
970,0.14052575258075173
975,0.16749931144414093
979,0.12830316409755604
982,0.11865802431748737
986,0.02922405765507144
992,0.13993626050040034
1003,0.030372415183708108
1004,0.12407203505011774
1007,0.13408109829913617
1014,0.1068571839511829
1017,0.046730661581978375
1018,0.11541300424932177
1043,0.058471035236398336
1046,0.13695762777150203
1052,0.13449501969455604
1061,0.045084051960976396
1063,0.13477169363188146
1064,0.13075783353649367
1067,0.12900489933191808
1070,0.06740553756516862
1075,0.03565640908448246
1105,0.03532903566118821
1116,0.195684674591684
1117,0.17918823252723842
1123,0.13254890051558083
1125,0.13127234851169692
1132,0.11919363703223958
1160,0.05171682780910889
1161,0.15284294329079745
1165,0.05748409008803316
1171,0.21954789978555808
1181,0.05892208494475261
1185,0.14591063096631127
1197,0.14437360840229924
1202,0.14396019503817375
1205,0.031203141670706525
1206,0.16068022435419724
1213,0.14000454932484976
1216,0.0555504962444928
1228,0.12964733548681076
1232,0.1409503613242351
1238,0.1168250879956021
1241,0.0544604788894419
1246,0.1162674606181586
1258,0.12062144783610554
1263,0.17922754109634517
1289,0.1200478031896132
1301,0.16268271557025546
1302,0.04636678118866353
1303,0.15646101666070608
1312,0.12907713390942258
1314,0.13333866217365822
1322,0.0809119459546472
1326,0.05327974707887086
1328,0.0571887012997979
1334,0.1271514823186127
1336,0.13467298855727128
1337,0.053077690878827286
1338,0.12254994431026552
1340,0.13327176572788563
1361,0.1479495952531445
1365,0.16921960876582626
1368,0.28153745744328046
1370,0.07949836499318848
1378,0.12643120956940276
1381,0.1583623329815353
1388,0.1421584173540033
1393,0.13662057625593166
1395,0.1065858680933252
1400,0.1246988168905772
1404,0.05765624848806637
1405,0.06164900956046475
1411,0.13181260616303758
1414,0.16266889370621285
1415,0.029534567788769416
1420,0.11402809230092115
1425,0.08019884045623923
1434,0.18273739126818148
1453,0.16338142888371388
1455,0.22795387018514038
1460,0.16279781158059187
1465,0.2969862353118035
1474,0.14563422738911633
1475,0.021892198991320538
1476,0.056831510101841155
1477,0.11790117558605537
1489,0.09788291626228714
1495,0.10980441276042244
1496,0.06640665795304755
1501,0.12924529815498223
1504,0.034485897727824365
1506,0.15232225348022815
1516,0.1486033406897458
1535,0.05738512471545807
1541,0.05175640690007246
1546,0.03180212039609786
1552,0.054033814366625355
1558,0.13266192876087984
1559,0.14341646627374072
1564,0.11660147673331836
1566,0.13477104091663228
1567,0.1695354779533214
1573,0.1561079832918832
1576,0.05741485366041812
1577,0.05776738911782995
1578,0.1226451279472586
1586,0.12905041610731
1587,0.06313512382260285
1589,0.1304806661801267
1591,0.12935021540532426
1592,0.05956855139671432
1598,0.05365188514608028
1602,0.1542145417271128
1604,0.06216229564693565
1606,0.05829357233317661
1614,0.0307169710098743
1615,0.22310966110922803
1619,0.12137585835083156
1623,0.1419484627323265
1631,0.14009645142931987
1639,0.05069981320498738
1648,0.03070007869001142
1659,0.13976920126501838
1669,0.14900568531252123
1673,0.11351086848659264
1678,0.13712570871741556
1682,0.2527932896759044
1683,0.12172485800732287
1692,0.1252756804410851
1693,0.16585732108121415
1695,0.14740421938668483
1698,0.14336092992702026
1706,0.25418669444029796
1709,0.1315103479704269
1710,0.15725633000231795
1719,0.125733783400699
1720,0.03457312375431473
1726,0.1370819557445918
1730,0.13325319022844176
1732,0.11418288441379602
1733,0.1269613214715522
1736,0.0737576115745748
1743,0.13972556221097188
1751,0.13841059144792117
1752,0.1260956704647926
1754,0.16078078002290902
1756,0.04668679563028947
1760,0.1219894267927156
1765,0.061560357568360015
1776,0.12223610356124599
1778,0.049228149758133256
1779,0.14189839498784879
1781,0.0495602206875429
1795,0.14995188443308793
1808,0.027348605691546967
1809,0.14750448424476528
1814,0.1333853092526623
1821,0.13240955346350927
1822,0.11662552652693448
1824,0.13988521263261286
1827,0.1235767111303265
1834,0.1350424796648619
1844,0.18889005538132375
1851,0.15491543796029578
1867,0.13437217779063332
1869,0.12361470182535424
1875,0.24572291464448207
1882,0.13599401454841528
1897,0.1523640068896895
1910,0.12316818706055084
1917,0.13082371104625273
1918,0.11649312330513292
1935,0.1385927925357326
1936,0.13935958307129326
1937,0.04883752233883969
1949,0.14163151651067227
1952,0.03470780985908793
1956,0.13134361956173196
1969,0.04905193231764225
1970,0.13257797098148416
1971,0.13007914648419122
1977,0.1582537943612872
1982,0.13281589168504793
1995,0.13414656211248113
2002,0.14792429134305424
2004,0.12952370634849386
2011,0.1645468264269187
2013,0.1446409661339864
2014,0.13514236639133562
2026,0.12249017857814057
2040,0.12001313263725717
2043,0.1299962979500267
2060,0.11931326466551548
2069,0.11501128156117468
2073,0.08182367881329707
2076,0.04671038767355323
2082,0.12449897151798901
2089,0.04679801485770207
2091,0.13939617556935865
2103,0.059268962607162246
2109,0.05431638423536951
2112,0.13279765152161851
2113,0.1492021470248409
2119,0.05263933783459723
2121,0.1502137871756104
2125,0.14869272155977414
2127,0.2526542270335719
2128,0.13769810758310638
2132,0.14835745451002263
2146,0.14083980874920915
2148,0.04984377305549942
2149,0.1670038859095923
2156,0.054288021226393424
2157,0.12836903281971992
2159,0.13855371932005506
2160,0.13052138173364294
2169,0.1565169913122911
2170,0.052632586162085306
2186,0.05736841451835491
2188,0.04982735484831124
2190,0.09290259553919726
2203,0.09188987640583528
2204,0.12422496258810263
2205,0.15627932859956256
2207,0.1475557849771778
2209,0.05614946335306149
2211,0.09192302072872828
2220,0.0503321930409375
2226,0.14634754662631932
2229,0.11836541404424242
2234,0.11635997479656852
2237,0.1522412072275708
2240,0.13951794543441604
2249,0.053888988197630175
2252,0.14411638810727287
2264,0.17447960610320426
2269,0.14244252074030833
2272,0.05345084567880717
2283,0.11919980294659101
2284,0.15551192639482994
2287,0.15376215076865585
2290,0.12687202879832896
2298,0.05567375564773458
2328,0.13133736502190269
2329,0.15812638720778624
2330,0.16282411811929703
2336,0.1350644301727697
2338,0.13168451207825882
2341,0.22537986094182338
2353,0.1489273001948946
2356,0.05054398915611437
2366,0.13186811936745982
2401,0.11933914401336539
2404,0.052551754912273305
2408,0.12386056537259871
2409,0.1252040944890195
2410,0.14268765789577126
2421,0.2376176723110101
2425,0.1432313313474276
2427,0.1685645867476544
2429,0.13800232655975544
2432,0.14190895522253782
2435,0.12404652967735061
2436,0.1238219010319315
2447,0.12087552885633868
2449,0.050208438044692924
2454,0.055634061367591595
2460,0.03136257324214003
2472,0.13029547912336367
2479,0.12649758200364403
2483,0.14155238532812536
2484,0.13930167133878862
2492,0.15799288214575294
2493,0.05654975581933421
2495,0.12629559250885294
2498,0.17449396542877194
2501,0.1349951850164213
2510,0.12544095676643036
2512,0.03090836058339404
2516,0.04873079325935541
2517,0.13208648776646154
2538,0.03565009293891681
2561,0.1489551218443959
2563,0.12549991952857548
2567,0.14525815942700787
2569,0.10501579524982405
2576,0.1213768136360023
2588,0.13624269747559134
2592,0.03294916876079923
2593,0.1465706239913231
2604,0.10772003295165944
2613,0.09016463668705373
2620,0.1271205494585828
2626,0.058832174197763196
2629,0.05415974239604575
2634,0.056347205004659714
2637,0.13320713454858904
2649,0.16046478131677738
2653,0.17923006372755323
2661,0.13020144761286573
2662,0.12572928546512768
2668,0.08762201710415957
2684,0.12409175932154079
2686,0.12969650809571967
2706,0.13724061316996533
2709,0.12521959269527047
2710,0.12057947188640732
2712,0.10103665952629926
2717,0.12297900817267773
2718,0.1361361116431917
2720,0.11797364703816215
2726,0.13462327777407512
2732,0.12983133976027425
2735,0.15056735279400973
2736,0.1346458487163503
2754,0.11294677894047969
2755,0.05292796930770958
2758,0.13707303616327748
2759,0.06010510690317877
2768,0.15885545010405266
2769,0.15251636854175704
2770,0.14501158779311688
2776,0.0463148969379422
2779,0.23587766761636556
2790,0.05289010370284096
2794,0.12724517082278575
2796,0.03301693099816884
2801,0.13977432272189683
2810,0.09461057693110805
2813,0.139448558549827
2820,0.14075247249421982
2822,0.15046066611486064
2830,0.14055344331787867
2831,0.13770164029351484
2835,0.14484109131069994
2837,0.14115589038070894
2852,0.13989380399989476
2861,0.13036596218424507
2864,0.04747535217974657
2869,0.048783373895568125
2870,0.331815709097705
2883,0.030430531245909387
2890,0.049188786495022244
2892,0.05645368034149112
2895,0.1553170873625384
2908,0.15832305271760333
2911,0.031834135558619234
2918,0.12741058505371766
2931,0.14721788595459367
2936,0.12815596536237356
2938,0.23936546815785736
2940,0.15514653818355897
2942,0.13844571096727457
2943,0.028118936912431124
2945,0.16581824478671958
2949,0.05230487968539922
2959,0.12570939699257921
2966,0.14002133467942718
2969,0.15169537268749775
2970,0.1289042707057347
2975,0.12235415244899314
2976,0.1356350983437492
2987,0.12390058905377306
2993,0.05384379061781371
2995,0.05501596405493146
2998,0.051141158656758355
3002,0.13735512008123102
3004,0.11521267658939052
3008,0.14970695788017774
3010,0.1399044763537069
3019,0.0611162195502436
3027,0.05351798948940058
3030,0.1687714428952193
3031,0.14810839508225787
3037,0.1247847217963232
3038,0.12048885727478642
3039,0.05897923110596688
3043,0.13077453288865096
3048,0.05299252008081269
3049,0.10742859296681728
3053,0.053316643993930345
3054,0.05872940363085157
3056,0.11458799886835669
3069,0.2270277833430035
3071,0.1635112041028564
3072,0.1530810875979015
3075,0.1350525925716127
3078,0.1346981895431447
3080,0.12274413897009306
3104,0.1501897396641169
3109,0.14708719515203508
3126,0.09879296085937453
3137,0.05347330831233611
3139,0.11602036191864888
3142,0.1390423879690061
3147,0.05279218731301588
3168,0.11661844666331952
3169,0.13704113497723727
3172,0.12733342039417944
3174,0.1370720078431455
3178,0.15341056273370954
3179,0.055902176377085736
3181,0.11773458914270976
3190,0.12621236385962112
3192,0.13811453944421806
3196,0.15203375444346207
3197,0.16149010760639718
3206,0.15525308606705387
3208,0.034428591450979464
3210,0.0983258921398766
3214,0.2524328842094743
3220,0.07960356222351773
3228,0.052531343345890866
3232,0.12494802524996211
3247,0.12625882935507798
3253,0.06490786652355165
3256,0.05245484143104716
3257,0.13490802827294585
3262,0.10230828941799892
3269,0.03271505867023296
3276,0.05736244672216347
3279,0.2634389074636675
3282,0.11394982570235887
3284,0.060695485105043676
3285,0.13524451192831605
3295,0.11764208483955599
3297,0.08202200459227187
3298,0.11582109788228293
3311,0.052826077850325545
3313,0.1373596450378763
3321,0.1156883660664064
3325,0.10511450678385417
3329,0.22041476112477185
3345,0.16055305362376815
3347,0.10944064999456955
3349,0.13519156791076908
3350,0.0941735812754408
3354,0.13189587259188942
3356,0.2525050748044554
3363,0.11867392715534408
3372,0.12144404926000132
3376,0.12715932128908788
3380,0.11773503324478488
3383,0.1258858198424382
3385,0.14260940324601287
3387,0.1454458991024629
3395,0.05265490345413333
3396,0.04916483507995951
3397,0.12485613727343281
3411,0.05987553578067482
3413,0.04987722642262405
3415,0.08528110279617167
3444,0.15250555580157119
3446,0.14210910731658097
3447,0.05505195334395603
3448,0.08614031783681161
3454,0.05748434971465712
3466,0.12326146850281412
3471,0.13046270963753318
3474,0.04912894567589303
3488,0.13348380336871332
3496,0.06379865292929376
3498,0.12697156032055176
3508,0.12937680121228015
3511,0.05092962284860686
3514,0.05969908410068307
3524,0.05896337312999954
3526,0.1281719620883869
3529,0.03015934993716456
3552,0.03244907145571358
3561,0.05313550858722329
3564,0.18806894117148115
3566,0.052009605227239096
3576,0.1487310926291849
3581,0.05265108596817415
3582,0.13966676927847047
3583,0.24206654320564028
3587,0.1362142235868165
3589,0.14866238550838923
3590,0.1291319391587863
3592,0.13936602288125138
3594,0.04914519689559009
3598,0.12708524894600406
3605,0.15279312457237543
3608,0.16432665959585263
3610,0.15558299618692395
3619,0.13994789110777456
3622,0.09806963019232291
3623,0.1825633435081
3628,0.12813057588771498
3629,0.13068092070456958
3647,0.031634543495708524
3653,0.16033330154565256
3657,0.15196488187688312
3658,0.11111808245838692
3661,0.03175642935599856
3665,0.13653633783279684
3668,0.039373892851724344
3670,0.08190539908344266
3672,0.030040277188759634
3675,0.11723418574340869
3680,0.04488601289147015
3697,0.05663129334363583
3698,0.027495440125324132
3699,0.13410371254956202
3703,0.031490881097826724
3711,0.14214090249895756
3712,0.14633513517037094
3716,0.12726634465778758
3717,0.15144682488031552
3721,0.15337696278328855
3726,0.14360331261534726
3735,0.15818245591574592
3736,0.2471958098331502
3740,0.12979967218901334
3748,0.12469519974417091
3751,0.11452449737963977
3753,0.09388303648202012
3754,0.10237010032808358
3755,0.055699445988975325
3764,0.12396305125634735
3768,0.1492546675233607
3781,0.12717077754474032
3782,0.16095417076874116
3787,0.05686059368594004
3800,0.13262485943684932
3804,0.05931144044219733
3820,0.20710294609154145
3821,0.16188067718369464
3824,0.08271986590615898
3825,0.1334346752237286
3826,0.15177153253800385
3831,0.12401485834018852
3834,0.140556636949268
3835,0.11172453353838792
3836,0.12592709143045713
3840,0.09916094992032011
3841,0.15342124712480032
3848,0.15944820074091787
3863,0.16222222229558864
3869,0.11909494188921499
3875,0.13359923190442313
3877,0.2686668719763108
3878,0.13841077805292604
3879,0.16099570499087967
3881,0.15732151291615432
3882,0.034001163963675
3887,0.14349335914649647
3890,0.13795944619430162
3904,0.03160719288796489
3905,0.2711621297846926
3908,0.1447807412037094
3917,0.16316779559878408
3927,0.14228599800467054
3931,0.15337221014165778
3938,0.1318024247476851
3944,0.1523987452976006
3947,0.13156651964168348
3950,0.14393714800544327
3971,0.12181673999886138
3982,0.06597339981999602
3991,0.029949331417716756
3992,0.12504063267032725
3997,0.08473994606891413
4005,0.0522800967264378
4008,0.12013024193941554
4016,0.050499744904169884
4018,0.13329433125568568
4020,0.18451347152124103
4027,0.06201057819784759
4038,0.12019939515901157
4045,0.12843054877963717
4048,0.14199701127558811
4051,0.1218474878107795
4054,0.12887064983343471
4055,0.1347133174221662
4065,0.1334606898242802
4066,0.1386786214203522
4073,0.11996982417501398
4079,0.05070305190299721
4084,0.12385074025058747
4087,0.18280735221456046
4089,0.032145951958049486
4091,0.2157446173259912
4092,0.11649377086481097
4102,0.24736922705940803
4108,0.1514791942957729
4113,0.14939097062507647
4116,0.1467938313888782
4117,0.03242206823467318
4124,0.14257157839143397
4125,0.1297353110175298
4128,0.12083428216342876
4129,0.12370903395161185
4130,0.13689562441341024
4134,0.13420855515168822
4144,0.13014521023204084
4147,0.1896831748702033
4150,0.05192015203902103
4158,0.15647008258443496
4162,0.11689501576454844
4163,0.1264072941242221
4166,0.029698208206893884
4167,0.12854978575719378
4168,0.13121580687534787
4175,0.03337982691888206
4179,0.059697936531510856
4180,0.14910770367199583
4189,0.12336391547698104
4192,0.16305940775434768
4195,0.1273277595238568
4197,0.1392170103711223
4198,0.13543852264129375
4202,0.12234134944178916
4208,0.1341776640045781
4222,0.13819307932429076
4225,0.03078172057429531
4227,0.14540007677346967
4229,0.12277453759025773
4230,0.13144873543817073
4244,0.24808067508105874
4247,0.114814790362094
4249,0.13775488133614144
4258,0.14177573682758848
4266,0.15658357272239196
4283,0.11051466187386416
4286,0.13152417799604538
4287,0.12925178441607219
4289,0.11767309714019918
4291,0.13484432455643552
4292,0.13649099668336748
4296,0.0564192601993039
4309,0.03044380347225346
4323,0.13377382224605838
4324,0.1420009866944393
4327,0.13456078828712179
4328,0.14043699303942647
4330,0.05760216380372522
4334,0.029816639304757954
4338,0.05516776994590129
4341,0.16220013258290827
4343,0.23194791742236145
4349,0.05269711796188657
4366,0.1160377836694791
4367,0.05454327765693738
4373,0.12538888926450958
4374,0.18259080103624165
4384,0.14200871920165728
4390,0.14071677451583034
4403,0.1329540520441806
4409,0.11625002601506891
4419,0.14459503418895905
4427,0.12363484782281046
4428,0.16328189452387562
4429,0.13667455123689706
4430,0.03359619509084368
4431,0.1390313434691401
4433,0.05350591668609704
4434,0.12486934463421709
4442,0.04103641247178656
4444,0.12334353841817422
4456,0.06025007636304645
4457,0.1286647459573536
4459,0.12757293749128779
4463,0.14712848593705208
4465,0.14363957435220462
4466,0.06054663082957247
4469,0.059164575059781496
4486,0.12638046329175096
4488,0.13909667337815307
4490,0.1428822816441381
4492,0.13261567682905914
4500,0.054994330509248054
4502,0.13484228722525674
4507,0.1420655100900267
4511,0.13154615239457662
4512,0.11641641337769977
4516,0.12274497605209
4520,0.1355197093474493
4536,0.08643190647526901
4538,0.03632856436719773
4549,0.05300394079085634
4554,0.12427706469406981
4561,0.15093284870016727
4564,0.11627045586627664
4566,0.119509059917517
4568,0.15229372710741945
4580,0.13989821567761837
4586,0.05204404419227301
4594,0.14478599024326913
4598,0.1188879073610015
4602,0.13049803112215566
4609,0.14823675132830777
4610,0.11923062277274447
4611,0.11498410244121109
4619,0.144750187416378
4624,0.1615589712882392
4627,0.1258975303958663
4631,0.12478910430012471
4632,0.14315100455205382
4635,0.0585100269829148
4637,0.14213289241209193
4641,0.1316295548453063
4643,0.05567204500208105
4660,0.02943765453095838
4665,0.15540058627812522
4667,0.04885688843984294
4668,0.1416232250133387
4670,0.12689937570200374
4674,0.032149857098078556
4676,0.12994299443350416
4683,0.16410810113381563
4684,0.05459879752302651
4687,0.11582751299006211
4704,0.12081663607654651
4706,0.13083473090111408
4732,0.13650542224623657
4734,0.15358570965736126
4735,0.10768775110124751
4744,0.05715374816713945
4755,0.10772094989778705
4759,0.05299328600438562
4762,0.05230937080965584
4765,0.1429782062345469
4767,0.12111293760268449
4775,0.1379544714187934
4780,0.14942210759306085
4789,0.13516901445233134
4794,0.1454459120210533
4795,0.12337517207892415
4797,0.13702544240068493
4803,0.03443039491818264
4810,0.1434677920333219
4812,0.17752853463035784
4814,0.12498460506317415
4818,0.12639682201634245
4820,0.05530991998479431
4822,0.108296119547394
4827,0.07967451318126972
4828,0.05952301544232488
4831,0.030005896975960122
4839,0.14304540545132433
4841,0.13113511955050733
4842,0.02939038152227836
4844,0.13412625312270157
4852,0.04757672969042647
4861,0.061274040983998954
4863,0.22709553939995653
4878,0.13346060320902642
4881,0.15373478893554465
4883,0.14830446484863835
4884,0.10978845875759995
4890,0.12987504156831942
4894,0.030581483105165792
4895,0.16242659971066328
4898,0.1380320659648125
4899,0.041400098875780715
4901,0.06057340915858098
4902,0.03055547344086771
4919,0.12047407818303821
4934,0.05572387242721192
4937,0.12845096413860077
4939,0.0469416333278216
4945,0.050686031856328584
4952,0.12147506672908012
4953,0.15324013134815473
4954,0.12433801041332064
4955,0.10747629857295518
4967,0.05213216777600025
4970,0.13584021740704233
4979,0.1344996749563683
4983,0.1248378907465777
4989,0.12478506222184534
4995,0.1283204371041134
5004,0.15740629591167105
5007,0.15298163726925246
5009,0.04859311067958115
5010,0.11777007716751312
5016,0.12909489383582534
5033,0.05048678437545221
5038,0.029665139473785972
5045,0.08820107486507653
5049,0.052643450126138115
5051,0.03629548276955121
5055,0.13631583828482038
5058,0.05706059310582799
5059,0.0542645762977028
5073,0.15064228401061505
5074,0.2630324182702851
5076,0.14083926292638713
5078,0.05495301261259705
5081,0.13224468442845796
5082,0.1280644470917441
5084,0.03253975415023025
5105,0.1432288920956605
5107,0.14013371785647874
5111,0.061604298650347424
5120,0.031516683993667895
5121,0.1285014785346866
5123,0.1305746814778861
5141,0.13188687982633196
5144,0.1329990030443766
5147,0.15742356743443162
5149,0.027685698146709625
5152,0.048198797278405967
5160,0.1316766444842315
5170,0.14012646159676354
5171,0.14677944993917258
5176,0.1751040726829868
5178,0.17369983462475425
5192,0.046635455379250734
5195,0.059502777918798065
5204,0.13156521880820934
5208,0.1254475377606537
5211,0.11491343752107516
5216,0.048570917712063955
5217,0.13138867895876372
5225,0.13975797129849016
5228,0.17242800410452933
5239,0.030899119020301492
5241,0.06040471095350251
5243,0.14678657213151786
5246,0.14480482792366783
5247,0.15692115940464071
5249,0.050580351371059484
5251,0.1775536316248802
5255,0.1418968524929546
5257,0.14438988727372878
5259,0.06199880952225563
5260,0.1374364976490356
5269,0.14941946947321075
5281,0.141504907499251
5284,0.15555859847850448
5286,0.05293644227995814
5292,0.054051550966109564
5293,0.15047599761752214
5299,0.12933742330728332
5301,0.12557164272700092
5303,0.10712392391828247
5305,0.12904431061821847
5319,0.1253733098841927
5325,0.052981679554396734
5331,0.13137227254914652
5333,0.0842159603774875
5335,0.12010636131770522
5339,0.1168672740178125
5340,0.1194971151522681
5341,0.13245881954005892
5343,0.08538163705350903
5347,0.16291301595869956
5353,0.13459533770330193
5355,0.1332601455345167
5363,0.11993827208454425
5365,0.14475117767381449
5373,0.12633688842823257
5377,0.14293841208108557
5379,0.056350940424531294
5385,0.1433361233156591
5386,0.035379175288947004
5387,0.1318681378000885
5389,0.03458615729704697
5390,0.06397933094851274
5396,0.05850041838535521
5397,0.0307478570058304
5404,0.12881593191050858
5407,0.12920075457975133
5410,0.026431825260821322
5411,0.05392960099071718
5412,0.1265959141639279
5413,0.03386552864233934
5418,0.14342186718340305
5424,0.11428426705526636
5427,0.14806592116369788
5428,0.139437632659628
5433,0.13180039788649694
5441,0.15445833384569801
5448,0.123085438069063
5456,0.15164933120358812
5460,0.04458763752741733
5465,0.14962058782610616
5468,0.05663049760944853
5470,0.14229613362116775
5475,0.10322752140927227
5487,0.14916691148795974
5501,0.05399870892726603
5504,0.1253759574536974
5508,0.12951335215930238
5510,0.1150728790192854
5514,0.05111696545817923
5528,0.13834418663502715
5540,0.1236452662044688
5543,0.12610068427933135
5545,0.13345484150815487
5546,0.13030723266590727
5548,0.05498398287131813
5551,0.2822219548345875
5553,0.1309883996648526
5556,0.13274528721243845
5560,0.14986466034101156
5563,0.12334597814490614
5569,0.04185846250214474
5572,0.05273721248666026
5576,0.054667004141746287
5582,0.14603971552144396
5586,0.05159833792491826
5598,0.05122945682376865
5605,0.12783021837508407
5608,0.1313301064213844
5610,0.1241770928189622
5622,0.07444332873018758
5628,0.15261309074786217
5632,0.14313076659409182
5640,0.05315788118464478
5641,0.05474212368649349
5647,0.05105838094332451
5654,0.16923243687898912
5665,0.13336026783675284
5667,0.15905171074533325
5674,0.061785358784201605
5691,0.1299174839674433
5694,0.1481764628760966
5706,0.12659009139447067
5716,0.06277558700216773
5722,0.054835520549496086
5738,0.15363292411545854
5745,0.14181902453989334
5746,0.1178038908446086
5755,0.1455803509258268
5756,0.029877368423268318
5760,0.1301918788097049
5761,0.14573064684899042
5762,0.054751039703077285
5763,0.049532398766850075
5765,0.15885256304228515
5773,0.1327751778242904
5781,0.13071826534525505
5786,0.14181437181061943
5789,0.1295187839029547
5802,0.12035896398254613
5808,0.1405245687888573
5811,0.12159442225711041
5812,0.2454488069794849
5813,0.12757166941892972
5821,0.14846218553109672
5829,0.1573272304669469
5838,0.14918137837562848
5842,0.15535946181734625
5861,0.1337561160484439
5864,0.13655662642128857
5871,0.14344662736938268
5875,0.13775093984491482
5879,0.1420682494909704
5881,0.13070224619299695
5891,0.05486955384934591
5903,0.04371303993296265
5909,0.13552107077212033
5914,0.1696983495291901
5918,0.11736480772812627
5933,0.05324242162683039
5945,0.05029546775709833
5948,0.05299585488474815
5949,0.0300376578868853
5950,0.12792551211955816
5952,0.1406200187426746
5955,0.14160171612031128
5959,0.16770780358913262
5961,0.12929946181084087
5964,0.04893970612545838
5966,0.15652677375646842
5978,0.1353801703197613
5980,0.1305172278387396
5983,0.1479601231487615
5985,0.12838827165843522
5995,0.13035016194706744
6009,0.1392500841143962
6016,0.10963684361564183
6021,0.13248103107077866
6023,0.11322001195393043
6029,0.14605644131290746
6033,0.12310656127120012
6036,0.049604652463173
6039,0.10964046614296799
6046,0.20027334951930226
6047,0.11838252279551405
6051,0.12106086115781856
6054,0.051032956353777095
6061,0.14939202292060708
6065,0.11354773858950773
6068,0.12065884976800698
6069,0.23950961435433754
6070,0.1598010038388687
6072,0.09694995427736616
6076,0.13479236105430467
6082,0.05278057713470722
6104,0.14480723335990078
6110,0.12660835678244114
6122,0.12248123809839281
6123,0.15876932875114372
6126,0.041812267665765276
6128,0.12586388089970132
6131,0.05493778200235374
6139,0.11794705688650657
6140,0.14972406325774607
6142,0.23200915293864824
6143,0.11237416273630693
6147,0.12821690406441347
6152,0.14811402619551386
6164,0.1383504092268309
6171,0.16222657205936328
6173,0.14386823612522565
6175,0.16450728385169702
6176,0.03155984986814669
6179,0.13854753920034965
6181,0.13013016277243378
6191,0.058989733932464775
6200,0.12256520199558966
6201,0.13566006783411064
6208,0.15177251130553232
6219,0.13398070608720286
6223,0.0603811521506861
6224,0.1413424842250603
6237,0.050506436775970075
6255,0.12423661683210374
6265,0.12921906134563152
6273,0.11907679932833919
6279,0.1081943305734151
6284,0.12370468274334782
6295,0.13887871652762268
6306,0.03965104980308371
6311,0.22403473680759456
6327,0.09029582105552017
6330,0.12928620714802264
6338,0.14799472662086247
6343,0.16002662268247875
6345,0.2520800990717585
6351,0.13338801166162173
6357,0.04930752101178806
6360,0.12570906822705646
6389,0.05644557780856738
6392,0.1525083954294455
6404,0.1394425934148894
6406,0.05775800659448058
6407,0.14320299908093653
6414,0.05812298469351599
6419,0.12856440701842084
6425,0.12962624387514968
6428,0.048588122466505096
6431,0.11702948715769461
6435,0.1434032061579058
6436,0.04911833383626911
6440,0.09248648735566285
6446,0.13693867477548186
6465,0.11671665267644567
6473,0.13262711456253737
6476,0.05623818702124892
6477,0.091017861500119
6478,0.1493531247286215
6494,0.12703089183118
6501,0.155560585301279
6502,0.2225367493460746
6503,0.12438506541734622
6514,0.029142758775137383
6516,0.11107527095264169
6534,0.14328791015265516
6541,0.05029780084896688
6553,0.13949511511180257
6557,0.12373263438454178
6559,0.1276666703353788
6560,0.1695737632353913
6562,0.13119699713512595
6575,0.13940118460636755
6583,0.030486380163656353
6588,0.1446686191360282
6590,0.08812416453435029
6594,0.10732511606076067
6602,0.13301359336582705
6603,0.12375699554419066
6606,0.10228766716287944
6614,0.14690882601670116
6618,0.12463235545157478
6628,0.13251897243220007
6633,0.05095604871568027
6639,0.11763758441776444
6648,0.15175635460688883
6654,0.12240525118911924
6656,0.03620862608089175
6657,0.1778599448364638
6663,0.033043405228812404
6664,0.12442997224476197
6666,0.02286033113841953
6670,0.12511186098240173
6671,0.12502547568722208
6683,0.05759443303784153
6694,0.13056584093074736
6695,0.14744727534392815
6699,0.12433882311525239
6701,0.14442953173022485
6706,0.027805546852471302
6707,0.0321823253647155
6720,0.11418303313180292
6721,0.05540623031539025
6726,0.1548823916313074
6735,0.13161900788843087
6745,0.13339299774456606
6746,0.10976886158262748
6751,0.030160930160736493
6759,0.16380151518864083
6760,0.1208537369451628
6765,0.13597470449895616
6774,0.059433056760611724
6776,0.15685992555148487
6779,0.1361276056888004
6789,0.11469646339771851
6792,0.252634645204665
6797,0.03636745147439954
6807,0.13831833422026713
6808,0.1372443230293192
6811,0.1445986917356245
6813,0.06200028595224825
6814,0.12845577116189016
6817,0.13464195752529592
6826,0.13948050155125077
6830,0.053407421683531055
6832,0.1391022478683311
6838,0.1871744260697167
6840,0.12821444971216533
6850,0.1250623297999168
6851,0.12485507354539435
6854,0.24352639740787296
6856,0.21094190798506068
6858,0.11144499876455205
6866,0.11855586827755027
6871,0.14349487737364347
6872,0.13422752858424714
6879,0.1326243101394907
6881,0.05249188446091206
6882,0.13885539982767178
6883,0.1477274555456934
6894,0.1529210378971521
6899,0.05228319639758109
6903,0.14359774333642328
6908,0.13716881855194754
6914,0.14826239431440086
6915,0.15028169055023438
6917,0.15714455780347072
6922,0.051781790582161646
6933,0.0590624724694339
6944,0.13053633847052754
6948,0.1501565120193846
6957,0.12158724938026337
6964,0.13358494212436742
6987,0.1249854226332692
6989,0.0312899639982525
6991,0.1278542034402351
6992,0.12066146461106382
7019,0.12634946381205733
7021,0.05276350382794098
7023,0.15283334850696662
7033,0.055024375355299325
7034,0.12713892103990015
7043,0.11840186356037355
7047,0.11656832130766422
7050,0.1271965259862352
7057,0.08219181011239343
7069,0.057735310304549425
7070,0.06330455225234491
7072,0.14162397561936882
7081,0.12756304288834283
7082,0.05238175008709517
7088,0.13659468060075527
7093,0.15097086016846156
7100,0.14422071194516964
7104,0.11153921942673198
7109,0.04951646077435053
7111,0.15214389589334115
7113,0.028155374753367084
7119,0.12359055088767397
7122,0.05073896498743796
7134,0.24253583771250048
7147,0.06027384565151519
7155,0.12833621036692794
7156,0.13245256028499477
7163,0.2522653045885276
7173,0.08060429864325423
7177,0.12780832462992028
7179,0.15391231986285364
7191,0.13747274926693387
7196,0.16018372184150426
7197,0.030462348423708513
7205,0.04789682790849155
7209,0.051781467778432434
7215,0.054700678863880206
7216,0.08944773986904772
7217,0.1385040234324274
7224,0.14072437816374014
7230,0.14445325763883968
7235,0.16070667079664996
7237,0.16934135419690916
7245,0.14402652514148562
7246,0.12188713676374925
7252,0.05598830594669161
7257,0.1207295450363565
7258,0.12736659564206426
7261,0.11612617379395004
7269,0.13837701811737863
7270,0.1367623877991242
7283,0.14509487731437748
7299,0.12820757300516267
7301,0.051012131154544914
7304,0.1364410595480671
7311,0.1308901955904619
7314,0.13986937690739748
7332,0.12157662367984452
7333,0.15060960901863002
7335,0.13164144742500958
7336,0.059361484231554754
7337,0.16459172466452537
7344,0.1230678418671266
7348,0.14793031319213845
7351,0.12100182514910811
7352,0.060492679047583695
7371,0.12251899639925327
7373,0.13913606906261272
7376,0.09535497208687316
7383,0.22951419049996474
7390,0.0505856654560833
7391,0.06369930399200895
7392,0.13238940224813875
7395,0.03194576085688379
7400,0.13731829372255622
7403,0.11891117270484826
7404,0.11892246486749411
7414,0.12851213181210874
7429,0.13956205624944212
7435,0.1368164552969482
7436,0.12778841371151536
7438,0.12082079078540679
7441,0.04905257946931147
7443,0.24077704425105387
7444,0.18575766055728954
7452,0.08618024841925596
7456,0.11062049327138748
7462,0.08535550357213759
7483,0.1127411253687457
7490,0.14037259280350273
7492,0.13575762377582845
7504,0.060677159054198106
7507,0.11983199153674465
7511,0.05151006447031035
7519,0.14461186629539985
7520,0.28939622383404523
7522,0.047550384267208354
7530,0.05229864971578033
7536,0.14983048593734857
7541,0.1353053472083347
7543,0.053979017176845986
7545,0.12587459647013918
7558,0.16239262934960957
7560,0.1409971344568282
7561,0.12569389353252916
7571,0.12441649246423112
7579,0.13637956278583613
7580,0.08884412749049445
7581,0.13919195812054816
7586,0.12538141121925223
7590,0.15731322885904486
7592,0.14446324314668568
7594,0.1314603555470219
7595,0.15871610286871038
7601,0.12320098375552276
7602,0.13610481097895832
7603,0.12946097835804965
7611,0.12754819634853762
7617,0.031230775513067893
7618,0.15315571227635477
7619,0.14331713969310278
7625,0.0535488331366528
7628,0.1292420440607805
7630,0.03285862254693062
7631,0.05132790462681301
7633,0.14481859288069487
7634,0.12720911926156736
7641,0.17851793685154163
7642,0.16079095310100838
7646,0.10421739485181969
7662,0.14522137841591748
7666,0.12770293639175026
7674,0.11304235064926375
7676,0.12073175356851074
7679,0.15009545449376988
7681,0.14316618368397133
7686,0.04906249654051918
7696,0.1675185340757073
7707,0.05518668544756235
7708,0.0455902054312785
7712,0.03260029581735326
7715,0.1282178899765464
7716,0.06216575038037975
7717,0.1652497508023015
7719,0.05533235766373307
7723,0.06403906590562607
7726,0.1272007040106354
7734,0.17105840012256662
7739,0.08578828554060827
7743,0.12382659073348039
7751,0.048780457790080126
7752,0.15336296898820867
7755,0.1351993892151287
7758,0.04927790077163276
7761,0.1399407441593823
7767,0.05197277041689604
7773,0.127222367493884
7779,0.05488590250574419
7785,0.05731772253887409
7792,0.06262732097766158
7800,0.13338571329566973
7801,0.13553807931429163
7802,0.12460112985831426
7808,0.1542384696657769
7811,0.12532198494396218
7816,0.056284950111143664
7822,0.06196479140934399
7823,0.056357602968149366
7832,0.11831362776808367
7833,0.1293887172990073
7838,0.06155391641364686
7840,0.11978723964623277
7857,0.13100091310103973
7877,0.05161771743286477
7885,0.23642696541500935
7900,0.13843918179039902
7907,0.12579567682529372
7910,0.047154904240833254
7918,0.1547140620700159
7919,0.06676009266844117
7928,0.1268607256671355
7933,0.15017493419474923
7941,0.14331275333875299
7947,0.06453454990140585
7955,0.13636800322731119
7956,0.14922823200596175
7957,0.11663260031815932
7964,0.15186301166658428
7968,0.14156878490932714
7980,0.05411785959171874
8004,0.2468420231909282
8016,0.1352210193380171
8017,0.04786729282037007
8024,0.1520504165573997
8031,0.1303921445310784
8032,0.05299180408914646
8035,0.13057617527145976
8036,0.14261723541232119
8037,0.05105151766222289
8052,0.1309775005096113
8055,0.051229658896722444
8059,0.13896983174927463
8063,0.14677237382484992
8064,0.12839539775190179
8068,0.12681216439265447
8070,0.05314733379105967
8072,0.13969891696875264
8085,0.1421928751189265
8089,0.1342685028879372
8097,0.03953841480278632
8100,0.14109252730755104
8102,0.14546885085508815
8105,0.053235679339396304
8114,0.12127193735967423
8117,0.13567697541364726
8120,0.1220309733909749
8126,0.12844653848130994
8128,0.060119984051945116
8135,0.060693923933801894
8137,0.1264686607434146
8148,0.08918579595392048
8169,0.04615292145015822
8173,0.05526648106820857
8178,0.139708336061038
8179,0.20921120444115346
8182,0.04840698426603642
8184,0.11299627210585159
8186,0.1364191362948446
8189,0.13645686965354117
8196,0.1416351414833634
8216,0.14723526356849964
8219,0.12725420370818938
8221,0.1283603079064028
8227,0.059965762180385004
8232,0.1305702935056981
8245,0.13726286866359158
8248,0.1239125793699652
8249,0.14164496886087113
8250,0.1333661194486872
8256,0.051704395018822055
8258,0.14575576437211887
8259,0.027669484108512433
8268,0.13038781813164274
8271,0.13140612357273299
8273,0.14350670498087795
8275,0.13726826911271178
8277,0.13305122473551714
8283,0.12053500135583657
8288,0.051730926662761335
8299,0.054559514595457104
8300,0.12831799433938543
8301,0.05484211993036396
8307,0.15716212016858577
8315,0.1315036806325667
8324,0.1267369556037204
8326,0.1255476629022541
8351,0.05259918705364447
8367,0.03346642245614303
8368,0.14078650329247652
8371,0.16538213437068114
8383,0.12671347102761504
8386,0.14895265902760602
8402,0.054174189974886246
8404,0.12931153591625333
8421,0.15159297069908856
8422,0.052634969389497334
8425,0.15422624914094563
8429,0.12432161472720756
8433,0.1429426717570342
8437,0.13050456963662846
8440,0.032735609805385944
8455,0.14851247313308757
8479,0.16845345395392558
8482,0.046596668575190146
8485,0.1407249310815088
8489,0.05500115015567456
8490,0.028337324198523924
8492,0.05371173262190654
8496,0.13355819559872956
8497,0.14776294598652442
8498,0.14796902659250216
8500,0.1363705846465178
8501,0.1405499510140635
8508,0.15110622192408332
8512,0.1704641864604212
8522,0.16658347534443463
8536,0.032446908399710525
8545,0.12413627566401622
8546,0.12818881915477703
8554,0.13458074732364866
8556,0.12657046599904845
8557,0.15067433693953225
8559,0.12338483887430214
8560,0.13396620381198251
8563,0.1285303120871621
8565,0.12562877132051486
8574,0.1060503375551288
8578,0.05578115649998701
8585,0.03281116913892352
8602,0.1515199183711772
8605,0.0954448165817798
8609,0.12832170633357554
8614,0.11095496644912814
8619,0.12839458414721833
8629,0.131042951368782
8632,0.1451998156114535
8635,0.05146713451465405
8639,0.03372902781086142
8642,0.054808989282850606
8643,0.13246245885994318
8655,0.1277974926851872
8657,0.11623399819070068
8662,0.13420246056491408
8666,0.13833795138570323
8674,0.05287692954064192
8676,0.14292023432410986
8686,0.1473045335713351
8691,0.1136024180851161
8702,0.14788742183490883
8714,0.055638287117420804
8718,0.1447572074550533
8731,0.1421190692418201
8738,0.12983846380885494
8745,0.052359860530102165
8749,0.1285128806238571
8754,0.1286124716710509
8760,0.1376231569844962
8762,0.05510354348480536
8767,0.02762581495900295
8768,0.1226645936048703
8769,0.028782056753186736
8771,0.14778759999032137
8795,0.12030392195191657
8796,0.054852806528583875
8811,0.13350932746225877
8815,0.15565528499628484
8820,0.13497212868385197
8825,0.15073030118744046
8832,0.120972830436706
8839,0.06565531343525609
8841,0.14394800897993426
8848,0.12514900879431207
8849,0.05862378720133945
8856,0.13629759018146517
8875,0.1297207342261922
8879,0.054271363299580114
8882,0.1242407405693741
8885,0.11933341843310548
8892,0.12614359830376323
8897,0.14208389812912728
8905,0.04952609361795292
8921,0.05467004962062649
8928,0.1157985107050685
8935,0.12459676047389481
8939,0.051030450047426935
8941,0.13463311439168285
8942,0.028639700312393497
8949,0.1215179870255791
8951,0.05529539724730335
8958,0.14097158841845125
8964,0.0552250224100981
8972,0.029103736825185234
8978,0.1534880948086195
8979,0.05194043453041151
8988,0.13479692801587856
8997,0.12278826410974981
8998,0.028276475878540486
8999,0.13888843012445798
9006,0.05555653726305436
9012,0.15744062979397097
9024,0.13006111778635568
9026,0.13181607527969535
9030,0.14009100240529543
9034,0.048188315964055456
9036,0.13621340559262782
9038,0.055028960588029585
9040,0.14635838869706064
9041,0.08032686166471285
9042,0.05604325142433231
9046,0.05555846454394853
9051,0.1462812595484077
9054,0.15673707357999994
9057,0.052911865079454765
9062,0.05753690141632413
9072,0.13454166338466914
9075,0.12182436786660886
9079,0.13193330614654494
9081,0.058414057997058
9091,0.132639655582325
9110,0.05347801981931769
9113,0.12475907115860715
9116,0.12325048465158808
9120,0.053127144006588675
9126,0.170230711111907
9133,0.14679362156710754
9135,0.1292840489314574
9144,0.12201333470339062
9146,0.13438694519629862
9153,0.11865176465923202
9155,0.057334893569383164
9160,0.07589792007446482
9165,0.14237267485231864
9172,0.15351034127813856
9174,0.05097309679726286
9179,0.07590536297875591
9180,0.122199969808138
9195,0.2378669205134659
9199,0.1259944933032082
9204,0.10117266071629331
9205,0.05540639234125829
9210,0.14207566044322148
9228,0.11586444872913475
9233,0.1482128760654688
9235,0.14070744461291723
9237,0.05668700979494194
9239,0.05117602843058657
9240,0.03182417475075534
9241,0.21768946488586258
9242,0.1241868002607905
9246,0.057588413693083505
9248,0.14323697265704338
9253,0.1436494182290588
9254,0.11939070651274845
9260,0.0983342417753871
9261,0.035999214997462926
9262,0.12859352360323784
9263,0.1615420183357405
9268,0.131157648120143
9275,0.05825916459386793
9278,0.1361737507713685
9287,0.1187786939761138
9292,0.14238194154039455
9308,0.1456272123417916
9309,0.1361001036578302
9310,0.15366824790207806
9312,0.0942291346970242
9314,0.05616962925603419
9316,0.04066989475792672
9318,0.13597393625669787
9322,0.13392705226708806
9325,0.1435719708517243
9327,0.14388753251501116
9336,0.11877072171631538
9340,0.13982975860726418
9342,0.14349938148158717
9346,0.1174337421978033
9351,0.23302944382215607
9357,0.12751116241305765
9372,0.13029110981133787
9374,0.030203277802547994
9378,0.19705105547992421
9385,0.05836687954071047
9413,0.056932643008822593
9418,0.14380408745083656
9420,0.14201964060824332
9422,0.05877128049627459
9423,0.13552221673103954
9425,0.1248270718410867
9426,0.14634522763054816
9434,0.14697900222790067
9436,0.12284791595420248
9439,0.0470106444203257
9446,0.056937898709943514
9460,0.13892908885433314
9461,0.13562840049900388
9467,0.1261053842038534
9472,0.13961777116119847
9483,0.10578303116974194
9485,0.13330975827569752
9492,0.06124767143063277
9500,0.1259463467864813
9507,0.14687229437689217
9514,0.15322892145897024
9516,0.15265905615262204
9520,0.05692143931790629
9542,0.13509336372350766
9544,0.23881625576140583
9548,0.16847977682467496
9556,0.05703706306676104
9558,0.14106871728658513
9565,0.1445525916454589
9571,0.14247425673442335
9575,0.14630410244236958
9587,0.1268542360499076
9602,0.17226744434657426
9609,0.05184690155799698
9618,0.09345629986311252
9622,0.13745689308000025
9624,0.13213560688854958
9648,0.13450378463576768
9658,0.14738579512539002
9668,0.1351548311675861
9702,0.05026347194110614
9705,0.1337367837242311
9706,0.053212361369362284
9707,0.13595843998175786
9708,0.0648725918347086
9710,0.17286294449373102
9726,0.131308837157644
9753,0.04563904478746204
9757,0.09439177068800704
9761,0.056227470094554886
9765,0.22280609479530064
9768,0.15875817705659803
9769,0.13664030648616773
9775,0.029954447830314222
9778,0.14085778371076496
9788,0.11266379192009716
9789,0.13224625572363036
9792,0.13447532354895506
9815,0.11702560398850889
9816,0.055395511201832594
9822,0.05651109100347258
9823,0.15163785472091204
9827,0.10904304296561369
9835,0.12470253314724249
9840,0.029315538105052573
9841,0.12009570279359474
9849,0.1224056011941316
9853,0.13407612596024837
9869,0.05464062444947917
9873,0.05302279260191698
9881,0.03160173407593443
9892,0.14764701642866515
9898,0.11964419349606858
9899,0.13351457874182274
9915,0.13498571878865878
9936,0.15151792435590467
9940,0.13911602418903196
9941,0.051344417875535286
9947,0.03010187156689862
9957,0.13009901935236362
9962,0.05083025039711857
9963,0.12396098655804715
9964,0.13788033974492026
9965,0.14404619477653485
9968,0.14913809666254668
9971,0.08690576456176842
9973,0.15079660947633622
9980,0.057551615011594046
10002,0.17115211720328563
10005,0.05363090155389043
10007,0.09790570746128588
10010,0.14167473518212637
10013,0.1437291299650044
10014,0.051309229335322795
10017,0.12244840682424267
10024,0.14225712810408137
10030,0.08995303374782422
10037,0.13074752966714123
10046,0.1094375214602877
10051,0.12500429734544455
10063,0.14556857583435992
10067,0.12324349403571762
10073,0.05598428038865305
10096,0.04735543423833736
10099,0.05557770176505912
10100,0.04950542846622937
10101,0.11475268277383435
10103,0.05326774251006838
10110,0.15094400417146994
10113,0.13540887575492797
10116,0.05598227335438638
10124,0.14369967319122928
10127,0.11185398784652296
10129,0.1664356923387456
10139,0.14909187082696734
10140,0.17089411843295682
10145,0.24438478459359225
10149,0.09158249443553229
10151,0.15416806647489184
10165,0.054318899637640174
10166,0.03156089702226435
10168,0.14174946045828396
10174,0.11694609202275366
10186,0.06480100502185435
10189,0.12025341793028485
10193,0.1327700540902004
10197,0.048999954244317176
10201,0.1239894307567482
10206,0.13325708399077324
10211,0.12935684784654505
10216,0.12870753640792926
10224,0.12339242515833189
10234,0.15346291885034846
10236,0.12611969495907172
10239,0.14842540224573758
10247,0.05760596630409413
10250,0.0480958881551706
10253,0.13790982524784667
10254,0.14114147015261375
10263,0.13439733331161224
10264,0.15471577312867676
10265,0.1381854284413639
10275,0.03391370551396998
10280,0.1340755877084851
10286,0.14087425049309266
10287,0.1460291405121178
10293,0.13103028396604577
10294,0.11551808827253825
10303,0.05508343853234893
10308,0.14640877714107184
10311,0.1373059711164797
10318,0.13654243174126118
10323,0.14241548718154942
10324,0.12687970652020927
10327,0.10550012185280777
10330,0.13215299761834023
10331,0.1267037228283135
10333,0.05103529729672805
10334,0.14839685072757286
10335,0.16038976722104892
10338,0.12462983898982398
10339,0.13956833567677046
10348,0.049470007404691825
10354,0.26445687620517677
10356,0.11141514100126308
10367,0.059831077880438475
10375,0.11314513049721583
10384,0.15451423492779687
10386,0.05194008958118705
10389,0.11799026530266947
10393,0.10860756556221385
10404,0.12968441195603295
10408,0.05071713801142046
10416,0.12783633370726205
10434,0.15302058810389135
10448,0.16489364254755096
10449,0.06214995135991689
10452,0.04888456921030435
10453,0.1375709993717385
10454,0.1398340193121775
10461,0.11875595669380459
10462,0.05602372273767127
10472,0.06498706284853846
10474,0.15116143631619955
10476,0.145281109575343
10478,0.048374798684285764
10483,0.10958345181017223
10492,0.11015194496720956
10493,0.1571241147144507
10499,0.06018534544887545
10501,0.04812794436473922
10509,0.12171070431294573
10512,0.12001589593023257
10513,0.11631936210248753
10516,0.1218133867594425
10517,0.1349271901541809
10525,0.1308578822325213
10529,0.12116766968289108
10532,0.138560498278099
10537,0.14021315177231153
10541,0.15091228015180985
10545,0.10448671118517705
10548,0.11548698629211769
10552,0.03755668705161754
10554,0.16244032688878826
10557,0.13581208226951963
10564,0.15082873189566043
10574,0.05169917056293305
10591,0.12314847704352257
10596,0.13365916359178895
10600,0.1870402725704935
10606,0.032760951078281746
10611,0.128860942935156
10622,0.0482363204553065
10626,0.11400723963188582
10629,0.0584003994652552
10630,0.13123270770340917
10631,0.15386718204943756
10633,0.03398891053886871
10638,0.1411063969809035
10639,0.17036171343772266
10640,0.08488031324402567
10657,0.14018283646990487
10663,0.12701412790384753
10664,0.12405278812157725
10667,0.13503353046271532
10671,0.12947052561898015
10672,0.1305808518734246
10675,0.13389096563319489
10679,0.14723029038262697
10681,0.14283903558106628
10683,0.05494073649057872
10688,0.11816509621498586
10701,0.14828051041719062
10704,0.15064258750679665
10709,0.15236577470739981
10715,0.14049427376088341
10718,0.05373633798370039
10724,0.12575326602202175
10731,0.05393962886294701
10733,0.12783400508812628
10737,0.14699582918482637
10744,0.03258341361238673
10750,0.10547647315643667
10770,0.1044235856839431
10776,0.1542537695536465
10780,0.05223014184087316
10782,0.26305697417005464
10789,0.1416481979294906
10793,0.14734642407886958
10795,0.156871840516319
10807,0.12246245758754579
10813,0.12371299937191053
10815,0.12905744634383418
10817,0.12620686754189375
10819,0.12748990181994843
10824,0.1382001036509686
10828,0.15442752726569783
10830,0.05653996089580189
10832,0.13219741951661268
10836,0.13739865452055322
10839,0.14613231708676802
10843,0.12553408992877677
10844,0.11636448983728431
10866,0.23429235837384907
10872,0.11796655876679156
10873,0.05139551442490168
10878,0.23061596588645927
10889,0.05409884321181946
10899,0.15754287318288746
10901,0.13684499999381555
10904,0.15105756725157043
10910,0.12296839810372147
10911,0.12846774093089164
10917,0.11395851099226287
10920,0.1385784900469134
10921,0.02877212754416525
10922,0.057492202377853095
10929,0.02974376226467723
10930,0.04808764076746736
10933,0.13962587381993954
10934,0.058286412254876074
10939,0.14147740739755102
10942,0.030070721954471476
10943,0.030766782897109813
10945,0.16503134911872003
10946,0.13286091013475274
10949,0.11049157248142405
10951,0.12059573113650139
10952,0.15192810843692284
10953,0.04680476107789982
10955,0.029954741443060994
10956,0.1531075788015831
10959,0.15731739565488487
10963,0.08979092866549786
10965,0.1356527952082996
10971,0.0622570885734222
10975,0.1484461439448689
10979,0.11193587991139878
10983,0.14473189391462132
10984,0.12404126644994047
10989,0.05822295220827469
10992,0.12206764393948619
11001,0.05334531601754663
11003,0.05329278761226225
11004,0.031619078868569926
11008,0.04962875428096888
11016,0.059092011172063405
11017,0.02761744830364795
11021,0.20184356185879312
11028,0.21793794957086035
11034,0.13922418032306794
11035,0.0536864238489308
11036,0.08687951062958624
11041,0.11400921593917648
11047,0.17525962438131548
11056,0.17214422152218625
11058,0.1358971194888991
11059,0.08931911893543333
11060,0.11212423315819486
11064,0.13704804543303523
11066,0.056612662268771055
11069,0.13326127105564914
11071,0.11977664532425072
11072,0.133485411195524
11077,0.13528748296299278
11080,0.12110372351830537
11092,0.11377656669529815
11097,0.04866484346337351
11098,0.13104280915910183
11114,0.11866610425395545
11121,0.05058828222416979
11124,0.15719934446999811
11131,0.14336921296291658
11143,0.1457964920680468
11146,0.09270133758884383
11154,0.12205064504569244
11164,0.15605567258260405
11172,0.1385372715990449
11173,0.054716119956326734
11174,0.11750614413220495
11175,0.1324926156327674
11180,0.14284712597731639
11184,0.053909574758686615
11188,0.12394321165189445
11189,0.05095775601696421
11190,0.08358326145492764
11197,0.033841410106470765
11201,0.16586909916948772
11204,0.15808925065817073
11211,0.12881994168634994
11212,0.12189391200379632
11218,0.1365883337670603
11219,0.1389979405985912
11227,0.11202181089428594
11241,0.14550132445660263
11251,0.0563196325314844
11254,0.04476305075932825
11260,0.05482657155722198
11264,0.12015775021180679
11273,0.06411821245260704
11276,0.0572359725295251
11278,0.04997849544957554
11282,0.1527339094192824
11283,0.1346209404443111
11291,0.13307237065058083
11293,0.13979054373128585
11302,0.1527972598950196
11304,0.05944624142929875
11305,0.15098044780522457
11315,0.14123105872437694
11321,0.1186640458109085
11325,0.13599733985835868
11335,0.13781090166042537
11341,0.12443437755443036
11343,0.13225604644827121
11344,0.1707226247497015
11361,0.12595708704335518
11375,0.13267841781925307
11377,0.06276767865633101
11379,0.17151502600939783
11380,0.1510465837844805
11391,0.12836290973999734
11393,0.1590767541554628
11394,0.14585938590993178
11398,0.13563435255766798
11399,0.1431799511154006
11408,0.11958837831300557
11412,0.12207101442342802
11420,0.14540681685461504
11421,0.15842511329441403
11430,0.057324238059045116
11437,0.11878557913197121
11446,0.26567590592740037
11471,0.11159966951433169
11472,0.1333880667309489
11475,0.05831676318457739
11483,0.13057294371363085
11492,0.13418590961579477
11497,0.13329730853934363
11498,0.11980162830315662
11502,0.1430437597033471
11504,0.25664331485684155
11511,0.21980361150908895
11512,0.11407525937855068
11514,0.054850819733343825
11522,0.13807771914095252
11524,0.13547270420170837
11533,0.14780545610367804
11534,0.08352532134331019
11541,0.10156968462340918
11542,0.1261798476780225
11547,0.11989029539381915
11548,0.08444165163570132
11566,0.1595624084493994
11572,0.1344687215991925
11574,0.10255044712918855
11576,0.1258517657298917
11577,0.04946148490111508
11580,0.12272399605376598
11598,0.053920110673494906
11603,0.12203160537054414
11613,0.1548555700051118
11614,0.13974428524179305
11620,0.12295963308291753
11621,0.14339179733773852
11622,0.03364578387668405
11626,0.03238434370404082
11630,0.1455520162281934
11636,0.1356365424351535
11637,0.05696518950925643
11639,0.08217812917106608
11647,0.13693021100735459
11653,0.12121671978642605
11654,0.04402902597768415
11660,0.13214499960293982
11664,0.1518454044861151
11667,0.14410958977618274
11679,0.12259240463009621
11687,0.1527548843372647
11691,0.05341548583892709
11696,0.13020267392460882
11702,0.14923683026438775
11703,0.048954787598245564
11705,0.1485059568927611
11711,0.14127038354211058
11716,0.08739227299196448
11717,0.14873455169387234
11722,0.05590184686183366
11724,0.12546831692680854
11728,0.15611025438108786
11737,0.09303498339477712
11738,0.11639832653733143
11744,0.12720812339091775
11747,0.031081995243293303
11753,0.05143282703131117
11757,0.13741861033622152
11758,0.05818688489159919
11760,0.06083473621304043
11762,0.11482464079013668
11764,0.13184475986538002
11768,0.055373280755201024
11773,0.058480006265852626
11774,0.16925842854140444
11783,0.12728507006399098
11785,0.11896290628558878
11787,0.13325967681375456
11791,0.13292894892056395
11796,0.04958446655236021
11797,0.07875680659519381
11798,0.03415253053623758
11803,0.05788915169429073
11808,0.1369659284136903
11810,0.1295852839938806
11814,0.1285571110214029
11822,0.1460488427930009
11824,0.05698302658000247
11829,0.14033130017069198
11846,0.1331539677172962
11847,0.11895303938173032
11850,0.2645511994351689
11853,0.05249140099212688
11854,0.06565969623033087
11857,0.12307772706072943
11862,0.11789271224320423
11883,0.05397024093874554
11890,0.12084889607049891
11909,0.02820877883325615
11913,0.14227451674635047
11917,0.13577203263945808
11919,0.1202745956480048
11920,0.053020677811655315
11921,0.12303904947935722
11928,0.11770351215550952
11929,0.13331064162170664
11935,0.0400480529297622
11936,0.03186834169264793
11939,0.05155683535521949
11942,0.05508663751238296
11943,0.13020964233579593
11946,0.130149044139775
11947,0.11663734147190845
11952,0.15853470470669118
11956,0.11675877714920364
11959,0.2498506885503115
11969,0.13010409843632492
11973,0.1485143269950437
11974,0.1467688450361586
11975,0.14726271286320275
11993,0.14228323762450118
11994,0.13976006652041342
11995,0.05394818349004619
12002,0.13445694120038906
12006,0.09645554373772479
12007,0.12268926720039919
12014,0.12127560045806345
12017,0.1707075773637257
12021,0.12280123852582517
12023,0.15653468603144477
12024,0.11624336798537498
12027,0.1571693455570081
12034,0.1326024989226279
12040,0.12462076443170418
12048,0.12713802436997595
12052,0.05936648745647934
12057,0.15918831106608203
12058,0.18339009906513368
12061,0.12430464806447135
12062,0.1296141098103941
12064,0.05474741597606814
12071,0.1577052212709078
12080,0.17321707332632508
12085,0.050953783107443765
12090,0.17163078253290315
12100,0.13114673779023808
12103,0.1377978859571259
12104,0.12668769726825466
12109,0.038732719561927094
12114,0.13975300134574375
12123,0.05519318597604818
12124,0.05920408487170414
12128,0.2325372101335638
12132,0.12864368241130436
12135,0.11806990193162077
12140,0.25386253630183414
12149,0.05225625948880701
12155,0.10410479677911103
12158,0.15963241260851985
12161,0.14928723330514954
12163,0.1499199270712471
12164,0.12520708117526874
12174,0.05392674811034352
12175,0.1270665417000721
12179,0.2332673528841575
12183,0.12965687784126914
12184,0.14354293079861377
12186,0.059537483032476815
12190,0.12550733553396637
12193,0.1415322189229532
12195,0.05450901964928421
12196,0.04394696282708291
12205,0.13045147760712955
12213,0.127214500670713
12220,0.13568900715531987
12221,0.13156864951431352
12222,0.061203663117649264
12224,0.12810212664412365
12230,0.13373189057286572
12239,0.13634572071306464
12242,0.11996690957601763
12244,0.1360922329525885
12245,0.15348537346224905
12247,0.14364076281343657
12254,0.1494226438441311
12258,0.12059253196528834
12266,0.05762704647721366
12267,0.16496477693483125
12272,0.15016799659584637
12273,0.12492680393203356
12276,0.1447565570153599
12277,0.13057097548006408
12283,0.12084998916811018
12289,0.048571518013985855
12297,0.140654702893838
12300,0.27419611582325726
12302,0.06104681782551802
12310,0.0568227136145615
12312,0.1254994680134259
12314,0.04738372064852678
12315,0.029954666710166715
12327,0.11720362504239983
12329,0.13191036695864408
12332,0.12860210693558677
12342,0.05493098650976465
12346,0.1307887696509866
12347,0.2509309402846651
12349,0.05159609883385696
12350,0.11538101404358643
12354,0.1277237315882857
12356,0.032071974294811775
12359,0.13907234769637786
12360,0.1554786476320531
12369,0.12716484245475518
12372,0.0576475216955437
12373,0.026811959087435888
12375,0.14727670331245366
12376,0.14157955473521905
12379,0.05737922872421495
12382,0.11877949737853548
12387,0.06141537083046552
12389,0.13779674785811707
12394,0.1673494521901614
12395,0.13206991764351328
12396,0.14265325396286468
12404,0.17119431598941875
12405,0.1282060779584145
12412,0.2991406456798721
12419,0.11386366072021348
12431,0.11150330142338032
12440,0.14525637062305957
12444,0.16583559931333217
12447,0.05153244649819624
12452,0.13060480410053527
12454,0.10778255785055864
12456,0.13355952101537363
12461,0.05370763669125815
12469,0.1365122098062242
12472,0.059058823665112704
12473,0.032646760485480174
12474,0.12818706931947293
12476,0.13414791956726507
12479,0.2199584650050901
12481,0.12264765665293306
12487,0.05969281502733409
12493,0.1399757998121313
12501,0.1279879800437509
12504,0.12397034370623208
12507,0.12556598718467168
12510,0.1290335340610198
12512,0.2554742062209749
12520,0.13835936537574897
12526,0.13293798397704737
12529,0.15004543256624608
12532,0.1093186922080466
12533,0.1388365839633427
12544,0.22247217008998388
12546,0.12881958831610182
12551,0.14431498386837432
12555,0.24552808617714933
12576,0.12428895061545911
12581,0.14948560402793076
12588,0.1408472898350221
12593,0.08548863174208812
12594,0.12421642772874511
12598,0.1357275074227402
12599,0.1455802632398189
12601,0.12521974254683133
12610,0.15792072222719908
12622,0.05444880510294969
12624,0.12621210265828844
12625,0.13142509149860265
12629,0.34303438893665283
12632,0.031237290106463783
12634,0.050719396664280214
12635,0.12805822643445036
12638,0.15106086801341445
12640,0.034280496852618504
12641,0.14134778133483364
12643,0.12186918744140045
12644,0.04866619458482496
12647,0.12621646890284516
12651,0.176283206143469
12657,0.13201901323280774
12658,0.15240387408040207
12660,0.1325226253751492
12661,0.11977938692341272
12666,0.12600368359897743
12673,0.11533802099451367
12678,0.14014388613673417
12681,0.14122351176180534
12682,0.24816050016665225
12684,0.037064725507340045
12689,0.14778069132564225
12699,0.13657309965787567
12701,0.13362557027530095
12710,0.08575857797293493
12712,0.13818467378612134
12713,0.13044441515800315
12715,0.119879569682421
12716,0.12534952146355066
12717,0.15365170132527894
12718,0.12421648866883339
12720,0.11672061689921016
12724,0.12942922673093993
12725,0.14408092244638276
12726,0.12915344538330847
12741,0.14428449770890434
12742,0.16440197449953214
12743,0.13987282739344103
12748,0.12108283775283313
12749,0.045131774219590456
12751,0.15042574333682707
12752,0.1433380678717
12756,0.13379309038862602
12760,0.12778275604467546
12761,0.12216819328881175
12764,0.13813897291333516
12767,0.0553467330070158
12774,0.14251752215993563
12782,0.05881926670696863
12783,0.25678545925295737
12784,0.13736108373936526
12785,0.1394459651142133
12787,0.16446981952581338
12798,0.12234098660828482
12805,0.11324333122416988
12806,0.13733607154886537
12809,0.130790384727215
12815,0.13569665909842235
12820,0.05327765072207723
12824,0.09419373201728247
12829,0.13310082227884912
12833,0.12563354092725673
12841,0.14382584336027252
12843,0.137654063576925
12847,0.11347290323964794
12848,0.13697960332897074
12849,0.1335950971348167
12852,0.12819481032012373
12855,0.13622771166186726
12864,0.1548463367884392
12872,0.05918267481618829
12873,0.16160725862622471
12874,0.1497998345674237
12877,0.2276525618792359
12879,0.13891071249350376
12885,0.13457563513854576
12893,0.12526296845832235
12894,0.14564689024132932
12895,0.23924744512383608
12901,0.05111697624407184
12912,0.11556185990522785
12919,0.14654672973161512
12924,0.131903348227278
12929,0.12691186819158712
12931,0.13120970246605995
12945,0.1294145472124209
12958,0.0423414543626341
12962,0.1420112438752336
12964,0.1459177532912795
12974,0.14841559914221222
12976,0.04623402730983619
12980,0.13137921363765032
12984,0.12523805680461525
12987,0.08290958289814512
12991,0.1422678273148051
12995,0.13668332447696474
13001,0.2344640903729834
13005,0.1568475098778877
13006,0.14352901393982206
13015,0.1380390188846122
13017,0.13217477539854627
13033,0.1465678749630999
13034,0.1316938344011016
13035,0.13046710166541206
13038,0.23203798164120046
13044,0.051678314253043554
13045,0.1382200450605705
13052,0.03730327346590746
13059,0.1371794313667119
13060,0.036928891922770365
13061,0.14914867590757855
13066,0.2480482508236284
13080,0.22216997341839714
13082,0.1543976066861315
13105,0.1473558967924209
13106,0.2460355032870427
13121,0.17708279371011698
13123,0.14408516431518698
13125,0.05459385258611858
13129,0.12625001804707753
13130,0.1229391994695985
13132,0.16058646574576949
13133,0.13082669901511632
13135,0.1515280950426386
13141,0.12295248007238224
13145,0.24351522461351935
13149,0.05290020802269013
13153,0.14593910012419423
13158,0.13618427898664429
13159,0.1287624769150457
13169,0.3692802677594823
13170,0.145468549634003
13178,0.13807943352603835
13179,0.05950193367872612
13180,0.14412299692748168
13181,0.12712177373634354
13183,0.0533703455429191
13196,0.12434798054198486
13200,0.15267133880444841
13202,0.11148431156767469
13204,0.05436946014606507
13208,0.13740187271716778
13212,0.12651450425396965
13213,0.13754882439751365
13218,0.12313470473108816
13225,0.12109348495854293
13229,0.12607837315312304
13232,0.1314957497395441
13233,0.14570779991529798
13234,0.053500098551547415
13249,0.051851031097707764
13253,0.12952548141749767
13255,0.1492681231041318
13257,0.2197169704877855
13266,0.035482368052896944
13269,0.05236267634534621
13270,0.1411680581910649
13274,0.13355825771915736
13281,0.11310865341597601
13287,0.09603921620086997
13305,0.12972147068184411
13308,0.04857969932387509
13309,0.06212540072921637
13310,0.17229200087452504
13314,0.14051432409421638
13315,0.029115355677001093
13324,0.09879320041307467
13326,0.12445813570565403
13333,0.12693123654670482
13336,0.11272994207744857
13345,0.1429712030862041
13348,0.15936085063245115
13350,0.23615436554071256
13354,0.14231243570144742
13360,0.14940286562221902
13364,0.12698279101929494
13366,0.1535557853480642
13368,0.13166247385136035
13375,0.12618177145524873
13376,0.12423396060493493
13380,0.1308371165191545
13382,0.03874115762122923
13384,0.15463091695980544
13387,0.13923128133229032
13390,0.07852009542300407
13398,0.1456263253273217
13403,0.12038083756531617
13404,0.12511505119143104
13405,0.11881222744253299
13409,0.16286290215405272
13411,0.12184163815189608
13414,0.1416704137020185
13416,0.1255789799982586
13417,0.05017275162917108
13418,0.14452633235466156
13422,0.03346230811452629
13430,0.23510062779777904
13435,0.03177065867646277
13439,0.1354860003035324
13446,0.12928880728900735
13448,0.050460917703273225
13449,0.09165989537339322
13451,0.1321385724518582
13455,0.14091929741607495
13468,0.13998894372833387
13470,0.0541555568965838
13474,0.053244962783843997
13478,0.1488782499939675
13485,0.13309824079855512
13488,0.15803983175298075
13489,0.12186947469517646
13500,0.126781629868502
13505,0.04881246665708675
13506,0.1343752280930937
13517,0.05867614122778396
13518,0.08376248140914315
13523,0.12552518880543506
13529,0.13230695844991733
13532,0.058224092311121856
13534,0.1257186430135125
13539,0.14044529043389736
13547,0.1299644315031189
13548,0.1514560592844028
13550,0.3424085121023591
13554,0.15805951238490643
13555,0.19530205378263366
13556,0.14228128974500476
13558,0.0567590665013867
13562,0.13335653429551236
13566,0.1376062448671004
13574,0.06226227292178147
13576,0.1302050841761863
13577,0.16644119019230294
13580,0.05099460165849663
13586,0.22157779189210053
13598,0.23474491111966697
13600,0.11970598622895523
13602,0.1108985117998302
13604,0.13222383971803772
13616,0.1348179394426867
13623,0.13951871368171997
13627,0.16014991776659013
13630,0.05705819083543173
13633,0.14621292180927858
13635,0.1191960615028151
13636,0.15924790792655646
13640,0.12770344679257722
13642,0.23839131974255845
13647,0.13949807623305405
13648,0.2371946509267937
13652,0.12547394914816434
13659,0.03551784404259687
13660,0.1040743962491381
13666,0.1503067725713756
13667,0.06179208117502046
13672,0.12084468900268312
13673,0.14663794274694808
13675,0.13054398007501314
13678,0.13611316694511238
13682,0.11846801723239846
13684,0.14644009242765615
13689,0.12669866401970856
13690,0.11147131563646098
13696,0.13058653732334025
13706,0.12566603517802408
13710,0.3605317951574151
13711,0.1226878463100985
13712,0.14830625771750855
13717,0.05195098139000857
13718,0.14070167937766861
13719,0.12726132020410927
13720,0.09428746783483787
13722,0.12045643543360432
13723,0.14798896113442148
13726,0.12521706083123413
13733,0.03213095165847481
13739,0.15289697429307486
13743,0.15135766233216055
13750,0.14643796862912
13751,0.11618427898104733
13754,0.17368519039753944
13756,0.06188343609572892
13760,0.051645370473492755
13762,0.1498860410504091
13763,0.1122647065633019
13766,0.0567554145935083
13767,0.0530024851562801
13769,0.08541179228870374
13770,0.12851712924455203
13774,0.15193183642143437
13776,0.13109610899104235
13780,0.06223097806496604
13784,0.058257213123398086
13789,0.13234090390456574
13790,0.13695644592047648
13792,0.058959334929884324
13795,0.1266343941055193
13797,0.12050267293001704
13800,0.12273896336488668
13804,0.1346027276064444
13815,0.13754033633971047
13816,0.1427253017973696
13817,0.1647182947960483
13820,0.2197881663925454
13824,0.14347273708570651
13830,0.1755926387787147
13838,0.12250309022980392
13840,0.05569654526036746
13841,0.05121341559925102
13842,0.1499121800216042
13843,0.05830196843045243
13849,0.1504830714318187
13852,0.12698221458884473
13855,0.028117831788249874
13858,0.12539884809446658
13863,0.05129432333919507
13871,0.23520791487193127
13872,0.14052244822922658
13873,0.11522017505496554
13874,0.15362420403660987
13877,0.14231084355398654
13879,0.12703314681422975
13885,0.14370879623564586
13886,0.14176444773068395
13892,0.12329195473324081
13895,0.055039209880128434
13906,0.15045362717369487
13907,0.13539298364435198
13908,0.05360378434831885
13909,0.1162570266428562
13911,0.10314170947936649
13918,0.15295540075805328
13919,0.14083821310834338
13927,0.16242602335023631
13930,0.056312065967935386
13931,0.13907596760669091
13933,0.1361170620216534
13938,0.14735002675888603
13943,0.05075925122315965
13944,0.05482733572486197
13946,0.1313572098264703
13949,0.08861167872486987
13952,0.16552576606086994
13957,0.1495187237284114
13958,0.05607311659820766
13965,0.10322762120884507
13970,0.03241885582081136
13972,0.14762467462172119
13981,0.13206136317189135
13983,0.07873944874895508
13985,0.12175722882080857
13986,0.1164943746424221
13993,0.1494780570934547
13995,0.12913899622294173
13998,0.09047138260219562
14000,0.048216631087764125
14002,0.029644260987549232
14003,0.060061077384163344
14019,0.13221417546341324
14021,0.3600320241795063
14026,0.13088411505703204
14031,0.05846458129184244
14032,0.15331953444017735
14034,0.12671003906289585
14035,0.13068377389167335
14043,0.05343887237356114
14046,0.15000680325480303
14048,0.14078838065723537
14057,0.1512907293412422
14065,0.12399537633468213
14067,0.057525378854357066
14082,0.04958911503715848
14086,0.14890616888340238
14103,0.23214114777385947
14104,0.15425536993405145
14106,0.17674882097377748
14107,0.14057958298212722
14111,0.05148743343156133
14116,0.05050963879464191
14118,0.05260091024243011
14119,0.14497012450365104
14122,0.11914590634075846
14123,0.11577913959628987
14124,0.059312585045429064
14125,0.14174663990868486
14126,0.138873558415097
14127,0.12843406592870193
14133,0.15251899467311283
14137,0.12020795953924428
14139,0.12804252371668956
14143,0.11526466280972639
14148,0.13503096165735423
14149,0.12624975406413821
14150,0.053548031171553344
14162,0.0505809832543462
14163,0.13934293938441322
14164,0.12665471469353817
14173,0.14432172901603943
14174,0.1642824328044566
14178,0.13300691347814797
14181,0.05519243476338229
14186,0.1240823556308436
14187,0.1411997810392318
14188,0.11818400468548493
14192,0.14913845539948123
14193,0.13192236347798564
14198,0.24807627847325323
14200,0.13777645395654367
14201,0.11112384617883367
14208,0.2506275830221734
14214,0.14799018338425657
14220,0.10449735400779885
14224,0.11523598744985519
14229,0.12123642030268011
14233,0.11755278987505498
14241,0.05504205967535809
14242,0.13013918828658574
14246,0.12196133477725642
14247,0.1240468782166424
14250,0.05944392640106577
14251,0.217998735330665
14254,0.16366060855161116
14257,0.050461905842131026
14259,0.14518829398075314
14261,0.1292165424647173
14281,0.1214898189435166
14282,0.14520871634143934
14285,0.05111475813724271
14286,0.15237478002955768
14293,0.1285358475589482
14297,0.04792830478969349
14298,0.12230370690652559
14301,0.052274281684108116
14308,0.0985627404932538
14311,0.13062066990066326
14313,0.23458908590940936
14314,0.047161996451841784
14315,0.04638905935239944
14320,0.11907212816160244
14325,0.028016853735095364
14333,0.1083601924440624
14336,0.14776270979343398
14338,0.14986589124421856
14354,0.15238217656105268
14359,0.14387052470081135
14361,0.13863160591157278
14362,0.12555901502685676
14363,0.14529316911749063
14369,0.059760563150862735
14370,0.24862451469072036
14376,0.12481495184503535
14382,0.24410803518530103
14387,0.12370670069457768
14389,0.1731998264723999
14390,0.13213721401408657
14392,0.13341128989796708
14393,0.08566805880288131
14396,0.14096490039652593
14407,0.12330320449395933
14412,0.10939849120956677
14413,0.16241769059713845
14414,0.03301762635900642
14416,0.13823104947651582
14417,0.13220921372223565
14423,0.1503717489403457
14427,0.13637934111096334
14430,0.16631500207199026
14433,0.1255669673140541
14434,0.13335840387841574
14435,0.1840721645911878
14436,0.1271081646780007
14438,0.046731017308863386
14439,0.13622884789138173
14442,0.10604249720521437
14444,0.1323753981655022
14446,0.13101211401127513
14449,0.27494411818053355
14451,0.1288622840674611
14459,0.1400584768560727
14464,0.13282410703356295
14467,0.146917038064791
14469,0.15160156607021502
14470,0.05709335733215395
14471,0.1382434971549436
14476,0.05030454798914537
14477,0.12791649056471197
14479,0.05191634172461297
14480,0.15630134555744962
14481,0.030619885148212473
14485,0.13148111449183614
14486,0.13479785858980184
14493,0.13499761072876154
14504,0.14492401821176798
14508,0.1449864649438482
14509,0.140196532008078
14516,0.14636445952769842
14520,0.13113400883818593
14522,0.14083827022788303
14523,0.13117703398366504
14529,0.14120749365199323
14532,0.05223104147524725
14537,0.04741081653623565
14540,0.1338074360381229
14541,0.1215912416841547
14544,0.130620494190731
14548,0.10676915560531515
14550,0.1535538166108252
14554,0.05600544707518039
14555,0.05596154859940304
14564,0.12359310412781896
14571,0.06253331491152228
14572,0.13195228611919801
14576,0.1358069279801115
14580,0.05156773063456253
14581,0.12857509398818043
14582,0.1538003537896662
14583,0.1397084612636355
14586,0.1258728547939992
14591,0.13044331999318032
14593,0.13625960022160624
14594,0.11996492409829544
14601,0.13744682805049588
14602,0.10068247135433595
14604,0.14090330142303892
14610,0.15652228868434753
14620,0.12996771192484585
14622,0.1753897897173112
14628,0.05197414582705064
14629,0.24210743031402177
14630,0.11653247093126935
14632,0.3536925184096663
14634,0.12550388355207737
14646,0.05527589827787087
14648,0.15973823332279652
14651,0.13323128321221372
14658,0.24897859300333208
14661,0.12659312948979226
14666,0.049783791240495937
14672,0.17007254963786209
14673,0.1207061614839932
14680,0.13071407350521463
14685,0.17073632331891803
14688,0.14634989438042217
14694,0.1331340894877581
14695,0.154971406517522
14702,0.1517920638378071
14705,0.04803032583121743
14706,0.1496570550961034
14707,0.1278949416923055
14711,0.13253991370875895
14713,0.06196568797855336
14714,0.12364808401752422
14717,0.1312849457323822
14722,0.24737684831972415
14726,0.12472711354932002
14735,0.11001458880344857
14736,0.14621507327926614
14742,0.15130694147025914
14744,0.4135733984078124
14746,0.13641198340589472
14748,0.1419043096574193
14751,0.1553570039788265
14753,0.1585043132052759
14754,0.14642759002539008
14759,0.16744349226037394
14764,0.14786551667970446
14766,0.14876123883772038
14767,0.1701919493482275
14768,0.15618615345981363
14770,0.11678800131042152
14773,0.16256733341629903
14777,0.12595883863515303
14778,0.1302184948277642
14779,0.11848611367929571
14782,0.1293385033614864
14783,0.15731785470421053
14784,0.12010213866922972
14793,0.04521881108225104
14795,0.1318777407103351
14797,0.13335356374159202
14800,0.04786767199155288
14802,0.13694146541554061
14803,0.04672530612129904
14805,0.1571215856843641
14808,0.24946974403450417
14809,0.05825871173266951
14812,0.35707225696768824
14813,0.15163207103622373
14814,0.15032524311764667
14818,0.1523853396052941
14819,0.08656943569459306
14820,0.04763170095240191
14821,0.23972385644187852
14822,0.12782858964922608
14826,0.130970338484728
14827,0.1272309914735903
14831,0.14350681807860968
14832,0.12995119177367556
14839,0.13265136025855134
14842,0.1402416219855745
14848,0.11368466885081523
14849,0.047875605028475196
14855,0.1255878877738185
14856,0.15707355055159306
14865,0.058061510470007724
14866,0.059896770559004886
14869,0.11778022484068644
14873,0.14484114231853137
14877,0.13281860955286467
14881,0.05467921505023188
14882,0.2350241483714112
14883,0.14621086075423523
14885,0.1379654889456941
14889,0.14939699998940187
14890,0.1676084706652844
14892,0.13861699990668197
14893,0.05147417645489853
14894,0.05340067235912934
14897,0.14999448398321308
14901,0.10449451726045474
14904,0.045823382800473114
14908,0.1458863083228898
14914,0.11955812174107669
14916,0.1224303305274687
14917,0.05103595804719409
14918,0.12747544258669097
14923,0.13657133372520294
14927,0.1341529490825987
14929,0.1500555325159906
14931,0.1281265123330924
14935,0.2292444918093687
14948,0.23691839573120133
14950,0.13314300907213564
14951,0.14137650849319025
14952,0.04868713471560178
14954,0.24280158738463214
14960,0.05986894517404985
14962,0.033120386196064736
14970,0.12054460269742669
14973,0.1383203536231615
14976,0.1625975086253489
14978,0.14235468057708373
14982,0.13967418468087128
14985,0.050222221441590345
14986,0.1272657017746011
14987,0.1261554213212711
14988,0.17959764473391726
14991,0.13582562073098559
14997,0.14571013171234654
14998,0.12425129601150384
14999,0.14034134806167686
15000,0.128226602809988
15005,0.14298523803914168
15006,0.12819520152998445
15009,0.14982667672542438
15015,0.13951141034585918
15018,0.1287155141579101
15029,0.14751070160027063
15037,0.23511142765359838
15041,0.14951967515910294
15042,0.12345215096661462
15047,0.12825547567277248
15050,0.13506540547588286
15053,0.1596192310664396
15056,0.16224723517760226
15057,0.14301610366258571
15058,0.12641743032362923
15060,0.14149661971757022
15062,0.1280036891423117
15066,0.059379238014960256
15067,0.14165135817969585
15068,0.05842880255998454
15069,0.05534151009942119
15072,0.1378142037666822
15077,0.1417242786761349
15089,0.13294681783702905
15093,0.12599209265969596
15099,0.09235048634749213
15101,0.15376469215449556
15103,0.1407467557324638
15104,0.13017222806307002
15105,0.11892669289199605
15108,0.09319069447144014
15109,0.133775361544244
15112,0.1446265022430684
15114,0.16163246467449485
15117,0.049870273046301004
15122,0.1286330959056173
15130,0.032493634714218025
15132,0.05379083560073093
15133,0.1402887764045775
15134,0.05328481518809788
15136,0.14290397887998257
15137,0.24079604481412775
15142,0.059862592063169295
15145,0.1194726989043953
15146,0.04941259686431168
15147,0.12150225377476345
15150,0.23391845759251012
15163,0.16026962644875103
15165,0.05503276529794593
15167,0.12427395192524593
15168,0.048337162328629064
15173,0.12608058172441083
15181,0.13406769573620453
15183,0.15836459767476538
15185,0.15294917582787793
15186,0.14161642858127285
15189,0.11869135595501927
15190,0.05689219429700469
15191,0.11380430514309814
15193,0.13067138421738092
15196,0.12927515007601578
15199,0.14700643457235657
15200,0.14443084594669287
15201,0.15167221803265685
15204,0.1518455637122991
15207,0.05113855500149941
15209,0.1521652379643195
15212,0.14225021023166548
15213,0.12065312374417973
15214,0.13334536112987047
15215,0.14797630954498928
15216,0.1545516560590876
15222,0.12435491955708436
15223,0.14304055178890773
15231,0.1257675448674685
15236,0.14853159126247342
15240,0.1511314087523284
15241,0.1653509343280106
15242,0.17087691209723943
15243,0.14260697163091826
15247,0.14585764850674648
15250,0.11571594311126052
15253,0.13884870293897372
15254,0.15333838172520525
15255,0.15520460390709978
15260,0.12670467309762165
15265,0.05187275801445079
15275,0.1186899503868131
15280,0.1427008911006911
15281,0.14080532838393656
15282,0.15947323000245422
15283,0.1660252270500811
15284,0.16503955338120985
15292,0.1438859935715462
15293,0.11874650362731445
15300,0.17072557554135245
15301,0.12824089416430148
15302,0.3602601850456485
15303,0.12497693145643492
15306,0.13104430604231992
15311,0.14744233598975734
15313,0.130637144448988
15320,0.14096847855694544
15322,0.04115228545630516
15324,0.14403909459210576
15327,0.15026728978999837
15329,0.13487179325342222
15340,0.255484036875056
15349,0.13823852793288857
15355,0.12311638167347597
15356,0.15619365177414143
15359,0.3669192802867371
15360,0.14154260879010816
15361,0.06301561397074762
15364,0.13881095085037415
15367,0.0600314933275121
15368,0.24132333750431653
15372,0.2437922501998946
15374,0.05813218980587788
15377,0.15734337983799088
15383,0.1519775698194405
15386,0.02916402680219978
15391,0.12543482123756283
15394,0.03422909334977853
15395,0.13991933769580595
15396,0.06183596818386246
15397,0.1323330019436728
15400,0.08706799466664192
15404,0.1328698956886872
15408,0.1218415917390391
15409,0.05785968150191965
15411,0.2768254332038468
15414,0.14468273852337749
15416,0.12665379634550417
15421,0.08606670271191666
15423,0.11549878692479494
15425,0.05189469618187546
15426,0.14888851022256422
15428,0.15317233824499948
15429,0.12604717299888998
15437,0.15513506969823662
15438,0.0541316551913195
15449,0.12493399019444143
15456,0.13131633988811095
15459,0.1606241388799078
15460,0.14241017816867124
15465,0.15296438051140254
15466,0.15542394712905674
15468,0.16629132746264275
15469,0.050161559153168375
15470,0.12105280255245117
15473,0.23775533111376546
15474,0.1594314110071157
15484,0.08944966757906947
15486,0.13746526811370313
15488,0.14380719394459135
15489,0.030650008623098995
15493,0.14161005902927043
15494,0.1277067139502505
15511,0.03286112283927563
15512,0.1573073107120564
15517,0.1597584398366117
15518,0.12418389465641914
15522,0.05024638608888663
15524,0.15092287343511218
15526,0.12092841568815069
15527,0.13385437453190627
15528,0.11667619149438364
15534,0.13089724678348663
15537,0.16859869391016943
15538,0.13375086555815868
15541,0.048941242610571735
15544,0.1517162187923116
15545,0.13381231338991179
15546,0.051711861511608045
15547,0.058747438669534045
15548,0.15203626808670329
15549,0.16428927288080064
15550,0.13023521913795924
15551,0.058879501270815225
15552,0.051874202988470786
15553,0.1409477627306452
15562,0.11942704390697734
15563,0.22563507743713157
15564,0.14953301399268545
15567,0.15291365691900083
15568,0.14151068721162224
15569,0.056176077325194015
15573,0.05241875804632852
15574,0.11138119606036714
15579,0.13064378463001358
15581,0.05203207134827287
15582,0.1467833086749301
15586,0.14571847679371147
15589,0.13932426773561296
15591,0.12469598221411866
15594,0.11751199246733487
15596,0.13507123378626318
15598,0.13685590979187087
15600,0.12966843046338888
15603,0.15814352858386
15617,0.048369405759264246
15619,0.13642065729066682
15625,0.11542296530977084
15633,0.05522090738928746
15636,0.15088990087997672
15637,0.14655241126668733
15640,0.12887024315893666
15641,0.10934557923607939
15642,0.12028807142100131
15643,0.10305912368266482
15650,0.11256872231999741
15653,0.058883666023081115
15655,0.16001535676391385
15661,0.16156046905950938
15663,0.12578848875772497
15665,0.05096903832234485
15667,0.14393042750920193
15671,0.05078347429839777
15673,0.22641462915077337
15676,0.05495641518767328
15679,0.14535090220668928
15684,0.23419431627297596
15685,0.05130822053938093
15690,0.12277880223767863
15695,0.12106672872972161
15699,0.2122486336747998
15701,0.060561634742810566
15705,0.2447036807454364
15709,0.052913822066479134
15717,0.13062281997358777
15718,0.25905260893165705
15724,0.14716390383013866
15725,0.1325262244523144
15728,0.13709192379196908
15729,0.12859681210821233
15731,0.1313142834172238
15732,0.1292838016903432
15733,0.14258475107043247
15739,0.2363610715100218
15742,0.04931098101451551
15743,0.05409525230290955
15744,0.1208229202792174
15745,0.04982309879119749
15748,0.053806421425208674
15751,0.1714051186687418
15752,0.14112525094669276
15760,0.05732180187089638
15761,0.05607167982738261
15764,0.14200073872442903
15766,0.17247451783256612
15770,0.050740698109671814
15773,0.05555006265021774
15777,0.1448199499986361
15778,0.1764694749416284
15780,0.057745802591170035
15782,0.33812840973579544
15783,0.1580823676487973
15785,0.12690947482438789
15787,0.15056916588225322
15788,0.16304768750782758
15793,0.2558478387165408
15795,0.1475396346068934
15798,0.17199681202807846
15801,0.16311983186093965
15809,0.13612544162335505
15810,0.13412034798085776
15814,0.14480219596371624
15833,0.24971627630363033
15835,0.15362118004980924
15837,0.032787987965293454
15841,0.12287680535313916
15842,0.05118735866622269
15845,0.09058450362702304
15849,0.05533312637495683
15850,0.056352395830069256
15851,0.03544407024892689
15853,0.11725856298151224
15854,0.11723574860678174
15857,0.05617904272361325
15861,0.2467957717313293
15868,0.21009539980054734
15871,0.13586453535677787
15873,0.10971350840597553
15876,0.1253612035906147
15883,0.1289915630152641
15884,0.12582972197788458
15887,0.08700623369097568
15888,0.12313452082860424
15890,0.13771398947724287
15891,0.15530387728978512
15892,0.12925791872788417
15893,0.12780225752593108
15897,0.13180743382750185
15898,0.2546019681767723
15902,0.16490815537963063
15903,0.05982592342331912
15905,0.14469163991185513
15910,0.14636174173377217
15911,0.1459082738295782
15912,0.12633082214161076
15916,0.058843175761131614
15917,0.048687170192156265
15924,0.15771546363009256
15930,0.15208794134203818
15932,0.1596219428055571
15937,0.12573850527040034
15940,0.13370210282214462
15942,0.13581856607909124
15943,0.28403856269852906
15946,0.12525382135709984
15948,0.04859879438114398
15949,0.05682653398352851
15952,0.11857881830282535
15954,0.05303169131252002
15956,0.1417451736546266
15957,0.06775267495408702
15960,0.05379085574568303
15962,0.12117702695112058
15965,0.1379287550709097
15968,0.14561474024836324
15969,0.12599669908089156
15975,0.12343779114378808
15977,0.2288085431542199
15982,0.14008818131675457
15988,0.14436210416239204
15990,0.053820792373482085
15991,0.049080075488769706
15992,0.051921206277551334
15993,0.20660985230861173
15997,0.14856637484969307
16003,0.1269789391527842
16009,0.14649092822504733
16014,0.15734420415585557
16015,0.1544934095593096
16016,0.05678895989040154
16019,0.13629839934815946
16026,0.12210632882756137
16029,0.14018787459578697
16030,0.16148659021988038
16031,0.05187943181506347
16032,0.13271348567246816
16037,0.05629537643698453
16045,0.16421701194021893
16049,0.14594431504914748
16051,0.12981464997086797
16055,0.17845372744697455
16061,0.14252733136345283
16064,0.14832021826275993
16065,0.04667754354422419
16076,0.21941471089000958
16078,0.25208342009584817
16085,0.13991789272988164
16087,0.05374325526673507
16088,0.1751822637660961
16091,0.1344053153665305
16092,0.12387620433291732
16093,0.13494355055093626
16095,0.13208870990489086
16101,0.12135499414688192
16102,0.1496035044148054
16110,0.14728229915957422
16111,0.13511695470597415
16113,0.1698167847443822
16118,0.1644262704967583
16121,0.050136702924268514
16123,0.23385755459473961
16127,0.14580295898834894
16129,0.028926476418487057
16130,0.13246247091829105
16133,0.13205459993778662
16135,0.12596553267113592
16136,0.11871611651551894
16137,0.15944614237227422
16138,0.04826414293618703
16140,0.16338295694533156
16141,0.14638381208618212
16142,0.12399573554043067
16145,0.1303739315747409
16147,0.15807695161113977
16148,0.17789511842175001
16149,0.14015159824183723
16163,0.24096728127902295
16166,0.03263958156975311
16169,0.11855261038980427
16172,0.14705598854793595
16173,0.1620586442954083
16176,0.15647392996620554
16177,0.148328045912207
16179,0.13901959900551705
16181,0.031112282266348778
16182,0.31227698455180974
16197,0.15884907624710512
16198,0.126568854627088
16199,0.12686019523697575
16203,0.09127421967454023
16204,0.06037152588290919
16218,0.09623766329984769
16219,0.17074164782095508
16226,0.14695996205262396
16227,0.1023414640386437
16228,0.13058669961607813
16229,0.1531338860996519
16230,0.14740093207469357
16235,0.12959065899317374
16237,0.0519227116417885
16240,0.11976328143787625
16242,0.13212349383504063
16246,0.15105476650840893
16247,0.14629457717590516
16248,0.1291117529557743
16254,0.3932638155964754
16256,0.1543297979542347
16258,0.10791031410525007
16260,0.03518617936421797
16266,0.14594644596274747
16270,0.1343959273858218
16271,0.1269875824301984
16272,0.12666822630689895
16274,0.13586042013805602
16275,0.15283276683230226
16276,0.051735679300403015
16277,0.12564563753232497
16278,0.048471400812166596
16279,0.14599788059112467
16280,0.14427092908219735
16284,0.13202759830688132
16286,0.11714343321497867
16288,0.1675724635359402
16293,0.13448340854812363
16299,0.2500513963021222
16300,0.1258735634281409
16307,0.12460274663755588
16314,0.1413642380806812
16315,0.12836953812590185
16319,0.13773015741131328
16320,0.16087972939693734
16321,0.12488690734923061
16325,0.03509185812083923
16329,0.05427574308808468
16333,0.04941886346466051
16335,0.1497971411798832
16336,0.14187014301691112
16342,0.12892808469091935
16343,0.21640609304778788
16346,0.15194208675380247
16347,0.12930390963273367
16348,0.15921289846031836
16350,0.0525043005164037
16352,0.1184570417013896
16354,0.15027857976274603
16356,0.13631914364956083
16357,0.16222030416808
16358,0.1291640525069228
16362,0.123478562291091
16364,0.04720776504480049
16367,0.13440164704217325
16371,0.12191290743564684
16374,0.14228908515998678
16376,0.1404062247694953
16377,0.1768069793911176
16378,0.15498694898189963
16381,0.11403850595732667
16384,0.12673928371800497
16386,0.1288754710848978
16388,0.12093535075096393
16391,0.14575836526538452
16394,0.13906798107958546
16397,0.05145792447512336
16398,0.15688492307321228
16400,0.14186340848406226
16404,0.16521696120973473
16409,0.1279034191474068
16411,0.11435019447129187
16418,0.2551490517149816
16420,0.13905023895645593
16421,0.155368026713048
16425,0.12153676537411999
16426,0.13679811851449783
16429,0.16021799572395856
16430,0.1452496541474487
16431,0.03923980927982888
16437,0.05612201089081046
16438,0.04809651343007657
16439,0.12413079410565038
16440,0.050017624026178466
16441,0.14370720084683497
16451,0.11199179301898954
16461,0.14219321621940778
16464,0.23854149740919733
16466,0.23253279701544752
16467,0.12791261533198428
16468,0.15565741912393094
16469,0.13432815710806936
16470,0.1671719267503282
16483,0.1569457267605327
16488,0.05159756709289529
16490,0.056127848652609655
16496,0.17350817913250233
16502,0.058796604708160526
16511,0.052565625678287854
16512,0.15171781690948874
16513,0.14371490763192368
16514,0.02097281634997686
16515,0.037869959464287714
16517,0.14861343550556425
16520,0.05657513455463463
16525,0.1539553281805909
16529,0.12848120270693225
16532,0.12546933092025697
16536,0.25077186302482357
16540,0.051579222235833486
16542,0.14223939153055995
16548,0.13449948785135604
16549,0.10500841477971035
16551,0.2740604744938084
16552,0.12556366074827569
16557,0.1383154884091486
16558,0.11421314377887477
16559,0.16133137361973163
16561,0.13310526563591246
16562,0.13053870975972756
16564,0.11643336623156905
16566,0.13489944519210967
16572,0.15809795572412
16573,0.15331289909488233
16574,0.1678568280547204
16575,0.05463915839290645
16579,0.16455049398355842
16582,0.12662024756818724
16584,0.15505155755028302
16586,0.12529640685957416
16588,0.15001824119742413
16595,0.13054670709331673
16597,0.12408977205289315
16600,0.1271191940037559
16601,0.1439219287825375
16606,0.3636308150251652
16608,0.034659765181023296
16611,0.14696896865759135
16613,0.16764725301410444
16619,0.14451740131869323
16622,0.15527124269321715
16624,0.12565938605363863
16626,0.14450863266423308
16628,0.13092458863384132
16630,0.12779355512464466
16631,0.059069091779586816
16634,0.1384489422066686
16638,0.14461479552986112
16643,0.12267399313279144
16645,0.21483150272920998
16649,0.14467764482419032
16651,0.14205329231329403
16652,0.11370102423022892
16653,0.12565557205424063
16669,0.13877562904306545
16672,0.14705690450822298
16677,0.14109299576961792
16679,0.14044103508151792
16680,0.15008142309215672
16681,0.05508401849688027
16684,0.030451692548354677
16685,0.13053592173084838
16686,0.16117748975753576
16689,0.11206712976044042
16690,0.030875480912352406
16692,0.12672065212088207
16693,0.050141031255680965
16696,0.056049605092321896
16703,0.1929400691366791
16704,0.03591457995121934
16707,0.1200846303466065
16711,0.1113363840080693
16713,0.12413442867340792
16714,0.38003319321731943
16716,0.11001373896553646
16717,0.15092216836876998
16718,0.12141589649484226
16720,0.043993250593380176
16723,0.12559994292644058
16724,0.24161100926506024
16728,0.2790108919624584
16730,0.12798599419747408
16743,0.09301989723238534
16744,0.03518814868933943
16748,0.1424711909281405
16750,0.13976013332036835
16752,0.14068263425931848
16753,0.1283131526211277
16755,0.1609631311710296
16756,0.05039823526987969
16760,0.1250673260270893
16764,0.051927047184533115
16771,0.133857434227166
16772,0.17228488448332732
16776,0.13223049727994277
16777,0.06717618391377467
16780,0.14881067585338062
16781,0.13497229485026552
16788,0.11856176818434552
16792,0.1259417762747685
16794,0.1572409229579736
16795,0.05122704279564747
16796,0.049202526933205745
16798,0.11856197845661609
16801,0.14258685014107392
16802,0.12627163890441834
16803,0.14361702075327162
16815,0.13398307882894187
16816,0.14470160312279312
16818,0.14957071501574032
16819,0.17481439039267227
16824,0.11613561650254019
16829,0.1385602527984714
16833,0.1366043051670742
16834,0.12922677398633664
16846,0.1318285156777494
16847,0.13954490202832365
16848,0.14156792562573295
16852,0.12436391271141634
16853,0.13868185068465042
16857,0.13854200989311494
16858,0.15205063203559993
16861,0.1424357176071405
16862,0.1622670802538593
16867,0.12325612261546193
16869,0.132385574126392
16870,0.1354339325296965
16872,0.13478022775904216
16877,0.1074543603132763
16883,0.1178519903612665
16890,0.05079803121077281
16893,0.13741249430144362
16894,0.05562760528861418
16897,0.1274208808517845
16901,0.12806510468093973
16902,0.09256568418806306
16906,0.04812963390130559
16910,0.04946993248463029
16911,0.2918454270518662
16921,0.1290820771924437
16926,0.15090300154626565
16928,0.15649473103051595
16932,0.18277223672994058
16933,0.13613993744283387
16935,0.13447625355204618
16943,0.1452013470975339
16947,0.03800223261873666
16948,0.13632460753061648
16949,0.04982126222315679
16953,0.1401330660468801
16954,0.12191917809242114
16956,0.1277284459139653
16958,0.05023276745644743
16962,0.12953694218175352
16969,0.0571751431114666
16970,0.032511718244658136
16979,0.12712297564429784
16981,0.12739492629038765
16983,0.13641755373754413
16984,0.10161239765990966
16985,0.11753732992856207
16987,0.14555437051429543
16989,0.2383929521107489
16990,0.1415261862534694
16992,0.14263623090252647
16995,0.13267578288360396
16997,0.3274139924489906
17000,0.13733398633416066
17002,0.15357174787556263
17003,0.15724995303373196
17006,0.24049280145997334
17007,0.15060649519097244
17008,0.03168907005749507
17014,0.13460478109663537
17015,0.13635828119555854
17018,0.15276051979898617
17020,0.08461006154155039
17024,0.2706374165561408
17026,0.21704643083869138
17028,0.14289046871867955
17035,0.13383970287142694
17038,0.13074101611917954
17041,0.27429018089500046
17046,0.1614820418386164
17052,0.05063719775123575
17053,0.06396023825371151
17056,0.10697383270069556
17063,0.15221888047500992
17068,0.1304301339858034
17073,0.05601387237037105
17077,0.14318347470386708
17078,0.12444526098045208
17081,0.1365876833299831
17083,0.12490533365873155
17085,0.1363009261889824
17086,0.14863798467831163
17087,0.1242680421983033
17088,0.13544495113264113
17090,0.14141908870388584
17093,0.035092604908171524
17094,0.0576758074918761
17095,0.13031408524507623
17096,0.05932151574207396
17099,0.14488871934410655
17101,0.14449374166859202
17102,0.14874202060466798
17104,0.14506377549614094
17105,0.12295363858219502
17115,0.13276737059477084
17116,0.1527201215838298
17122,0.053934989605824116
17123,0.05250224750817388
17127,0.13408335075421313
17128,0.14326182427918985
17131,0.1436661091366556
17136,0.13578934165076345
17140,0.0501519604728886
17141,0.1381665224330537
17146,0.11990025108751519
17147,0.04980623083783469
17149,0.17128591658539483
17155,0.13367260076969048
17158,0.19317880300677062
17159,0.12303540061635512
17163,0.13620954617551706
17164,0.12184887708241006
17165,0.14674755608554363
17169,0.22342245041517272
17170,0.11732269683712696
17171,0.15299198457061447
17172,0.11306625665379728
17175,0.37003512697796503
17177,0.11238790159969554
17181,0.12649919620662137
17183,0.03525491225157067
17188,0.1185908653901983
17189,0.13516764902462816
17191,0.11723507158343771
17192,0.12110864596161916
17194,0.13766856491431048
17210,0.11630731886074915
17212,0.1714461232351002
17219,0.24695715780541433
17220,0.13307917230255759
17225,0.1328916049281737
17227,0.14926358389992386
17228,0.0402261225070189
17229,0.05183373673039608
17231,0.1428811048128498
17232,0.15740841891374524
17233,0.032577929173550416
17237,0.12810584573889133
17240,0.15274677597488112
17241,0.1374444026074615
17243,0.11058314852012996
17246,0.19528160254317017
17247,0.12621629635485132
17251,0.2769556718902128
17253,0.137151419108041
17254,0.05228816705676612
17256,0.033497772736294
17257,0.12769791487718213
17262,0.10909081274405681
17267,0.06060378010140695
17268,0.12986517855870394
17269,0.13299217530917146
17270,0.14633157748387168
17275,0.17350601216960068
17276,0.1552865648664818
17277,0.2745055845563906
17279,0.14759635385627295
17283,0.057586444297989293
17287,0.12758878578228847
17288,0.05597071001816674
17294,0.13668663837417597
17295,0.030783939739010568
17298,0.1266838711075932
17300,0.031793444017168646
17302,0.1748005294282856
17303,0.12625413417766013
17305,0.14015261890670822
17307,0.15393868713989844
17310,0.12262485419699318
17312,0.05835680809253232
17316,0.14428962693900332
17317,0.12648332579460497
17318,0.04848752387076517
17320,0.03420768630074464
17323,0.13681078415804118
17324,0.11889684550569209
17328,0.23867100371049568
17332,0.1335239463459433
17333,0.12760856609365787
17335,0.052234588473644795
17338,0.12657321592997778
17340,0.14644315067292257
17344,0.14984702820839743
17345,0.15870062812741453
17349,0.13722040921843612
17351,0.1313998350357523
17352,0.1244481769413837
17354,0.05843358778188353
17356,0.22907277550363644
17357,0.15319698111913507
17361,0.05680387020191321
17362,0.178448995311754
17363,0.15422038229317803
17366,0.14091856561864752
17367,0.13243100867912289
17369,0.05948729097591303
17371,0.16846351487852346
17373,0.13665048489321344
17378,0.17090755620251988
17380,0.14225186579844296
17382,0.14860949996266257
17383,0.15366054248577665
17387,0.13481467596346525
17389,0.15538316578669392
17391,0.08927779865857752
17398,0.15344276111810526
17402,0.1341301096266267
17405,0.24791616843542869
17407,0.05108382357562295
17409,0.1316968954634395
17411,0.14562323967019072
17412,0.03268418892829548
17413,0.12563139950944613
17415,0.13807016140256842
17420,0.13100038413419512
17421,0.1365450509012649
17422,0.1481126797237835
17428,0.1469489768752825
17430,0.0926279857160848
17433,0.13130035232271445
17435,0.14756450413049085
17438,0.1094443025957651
17440,0.05886650824823425
17442,0.13677124419406722
17444,0.13044127637567401
17448,0.1524061285635362
17449,0.207764001075967
17462,0.14662906387785404
17464,0.13885886124740013
17466,0.05713716022440233
17468,0.15835110417800602
17469,0.13622880622348202
17472,0.11557325419376778
17473,0.13192469396142487
17475,0.13114414855853146
17479,0.034294896884082014
17481,0.12304935675182087
17482,0.12706928989395555
17485,0.03190264724383071
17486,0.23107719598155446
17488,0.1463855725648326
17489,0.03723547174962314
17490,0.11479375291206602
17491,0.05588886628022962
17492,0.14432468882881197
17494,0.0877820452149655
17497,0.22443322324439227
17500,0.1360642679066519
17506,0.13984095246538247
17507,0.14596349514563206
17508,0.2426955035079811
17510,0.1303323267426124
17512,0.24848195516219568
17513,0.15003362503807088
17515,0.14446745273809014
17520,0.15435577303461775
17521,0.14086365064499912
17522,0.14406560909320143
17523,0.13479683505373746
17524,0.1128509612877244
17530,0.2690894520275754
17535,0.1528728692716073
17536,0.13937014423711233
17545,0.14642824859305198
17548,0.16032863406978964
17549,0.132221382299271
17553,0.1460006776382516
17555,0.1583726372374619
17557,0.1378715531718912
17558,0.13448072951581697
17559,0.1482279531557616
17562,0.15835234728196185
17564,0.032516073680302605
17565,0.23454135441094032
17566,0.1658550141212825
17567,0.153493680444671
17568,0.05259572808107725
17569,0.14345986585430398
17572,0.12135486025050654
17573,0.15889161688470307
17575,0.13664293255851645
17577,0.1504175991641052
17578,0.1411761284485174
17580,0.12117147354120891
17581,0.17193015250747593
17585,0.13173855094855755
17586,0.16356965004840016
17591,0.14387596997752627
17594,0.14327018106042128
17596,0.1034646791430234
17599,0.24483000592488957
17602,0.14916317856016303
17603,0.1586747321151319
17606,0.052594378442297605
17614,0.1567406957506631
17621,0.1637133384565276
17624,0.15856302184813814
17626,0.27456700547126234
17628,0.048944835454862244
17629,0.1315583900276755
17630,0.1549187827168698
17631,0.1436362043033337
17633,0.0669832047622727
17636,0.15417063312510415
17641,0.13161893416510445
17642,0.2625524014598563
17645,0.1758726451695744
17646,0.17741832253934114
17650,0.12492933661033305
17655,0.13404945020278483
17659,0.141101209132968
17660,0.1270443367495579
17662,0.14333713157513595
17664,0.058708308880830215
17671,0.0316840748626306
17673,0.1479312756701133
17676,0.14621087060269272
17679,0.16658804295773666
17685,0.1571719501379058
17705,0.15563860109409347
17708,0.13976122311697325
17711,0.13801936277744523
17714,0.16006588910362496
17715,0.053188481010300236
17721,0.12566979814839385
17724,0.2787332450093698
17726,0.14193771320321455
17728,0.13273145640181178
17730,0.1308172139907942
17732,0.12788204883807697
17735,0.2615781004748592
17737,0.11174409393628908
17738,0.14753847048051258
17739,0.1395941086136667
17747,0.13261674129307807
17749,0.15119038714970817
17752,0.1367918470306672
17753,0.15780492931345141
17756,0.13921592085505352
17758,0.08429535529463023
17760,0.12792948856757574
17762,0.14110476711864034
17763,0.24770245302131316
17769,0.05722746650752798
17775,0.14527415255568663
17776,0.056861369087166304
17781,0.17103017457388187
17782,0.13279515663358735
17783,0.04927968961311824
17784,0.17056580230287816
17785,0.13832144959306641
17798,0.10094742492362116
17799,0.1482604017417241
17800,0.24743164798340794
17803,0.13111095148849103
17804,0.045222710934178685
17805,0.11265215410576082
17808,0.1456517433843082
17817,0.13403380414129562
17823,0.3130888167569065
17824,0.132640372142047
17825,0.14446295483754645
17827,0.03487555781936313
17828,0.14498537604279313
17831,0.139255673570604
17834,0.12878687224521967
17835,0.2816993498835526
17837,0.12994481143945666
17838,0.16158478204658516
17839,0.13349212272267635
17843,0.18095550709667987
17846,0.3540550772647488
17847,0.14477729310107243
17848,0.14970545519479178
17853,0.06400616677018721
17856,0.13682791223660554
17859,0.12498264849942561
17863,0.05807938309727734
17868,0.05868673110331098
17869,0.13105743169227962
17870,0.21360968472118813
17875,0.055054108235996393
17876,0.13863684255085965
17877,0.1392234341125462
17879,0.16292501206693344
17884,0.13247017814071507
17885,0.06029780851843155
17886,0.03824593977206253
17890,0.1379421592616097
17897,0.08854529062942915
17900,0.0839333188191755
17902,0.12809620476263014
17903,0.13532309871097573
17908,0.14220780452097154
17914,0.14740896436097528
17915,0.1492724150808929
17916,0.05294549031714467
17920,0.13410026454175172
17921,0.17679285100629244
17924,0.14687764894027133
17925,0.11544058126372334
17926,0.09493806723151028
17928,0.2137273319801274
17930,0.12208483837213832
17932,0.09794276163594488
17933,0.1454469231106693
17939,0.1454034307114928
17941,0.2567834631121448
17943,0.24091977240558532
17947,0.0505550922983244
17948,0.13137320861023535
17950,0.13090026650641323
17956,0.1018522361014997
17959,0.1413953807810421
17970,0.14615522491265173
17973,0.13995081020957995
17974,0.14984759588225888
17975,0.11553407593152157
17976,0.13775744483590885
17980,0.11899627827552237
17986,0.1574966115806973
17987,0.05882280960632352
17990,0.23815973779081795
17994,0.12729857400953254
17999,0.1394041602467076
18002,0.05125785147704367
18003,0.045551177246655604
18005,0.21178769863532398
18007,0.24229929507855497
18013,0.13066123736532825
18015,0.04978778438457637
18016,0.11284456671732901
18018,0.1280006121937086
18019,0.13163257291878533
18026,0.14313110109422053
18030,0.15658626760509844
18032,0.16112443499332263
18035,0.13669303518413217
18039,0.16016489519476396
18042,0.14031065126232117
18044,0.1469387750954329
18045,0.11453220066744829
18046,0.15543425011380388
18052,0.12164208245109547
18054,0.05647342958392022
18055,0.16271665046651704
18059,0.11405721939970175
18066,0.13566650932984267
18072,0.1495348246773191
18073,0.03110637488678538
18077,0.15597878531191287
18081,0.05269214417786923
18083,0.12171111258452823
18084,0.1461188048821195
18085,0.13087170545228255
18086,0.11747516108779957
18087,0.14315732552041688
18092,0.1325517536715565
18093,0.08421697209166856
18095,0.059740673866211826
18097,0.12376186997292002
18100,0.14411785714998201
18101,0.11701016814850465
18103,0.15222828976988007
18104,0.13491275446090872
18105,0.11481279137784595
18109,0.11327224550888611
18110,0.16306756545847795
18113,0.1686955824589848
18117,0.06103575310138267
18119,0.12962676191549777
18126,0.17066972660650437
18127,0.05113407805754311
18128,0.03179401647449785
18129,0.14159333626380768
18130,0.12601890339866645
18137,0.3855729264190527
18142,0.14025950593482403
18144,0.03311483516360794
18145,0.10261089605922344
18146,0.13517187956495197
18149,0.15787084688549025
18152,0.044612971404884634
18153,0.22118090545017402
18154,0.1361954448415915
18155,0.1474505532329018
18156,0.15903102493989457
18161,0.1533028428238949
18163,0.06000397484890048
18165,0.054561203822689676
18166,0.13718585861000274
18168,0.14177723994118616
18172,0.04817697005543356
18174,0.1512063180378988
18176,0.057644349629196734
18177,0.0622153877826182
18179,0.16890235022346184
18181,0.15912548066962887
18182,0.05197775588161426
18183,0.1548328829536752
18187,0.13191346236623883
18188,0.26211528090377584
18189,0.15738256030787384
18194,0.1250866160657353
18196,0.14468484561044562
18197,0.1359712113212786
18198,0.08978219211465688
18199,0.1496359647230522
18201,0.14509404722473665
18205,0.13237362219127138
18206,0.12896636001732387
18207,0.15028139609500485
18210,0.1299386760189803
18212,0.13084956983116097
18214,0.12355542445444581
18215,0.13053492874594252
18216,0.13277521362993555
18220,0.05771317437867718
18221,0.2469567003439197
18222,0.050799466806886906
18223,0.18287870124019986
18227,0.14319549252257954
18228,0.17090450366695972
18229,0.0567423648205395
18232,0.16109357532597937
18234,0.1572117135667942
18239,0.12529344952849908
18243,0.15570720828191983
18244,0.056478769305255916
18245,0.15623956922464857
18246,0.10874522246270332
18248,0.14347750164188236
18250,0.2721110062084498
18253,0.24921456586691276
18254,0.12620935939341643
18256,0.13326852350718713
18257,0.1271005684468946
18263,0.055516662082166525
18264,0.029948146603392244
18266,0.12799993159727635
18267,0.030342455747050606
18268,0.12578252184841068
18269,0.15221780007094338
18270,0.14165444210410066
18271,0.2613903788133336
18272,0.1213770648161328
18276,0.1522524605255431
18277,0.05323423955603927
18280,0.12977430768178122
18282,0.048409167855620064
18285,0.1431840109729276
18288,0.3601502033249056
18295,0.05186749892632279
18298,0.12341248358413145
18300,0.12199936796271307
18301,0.11242451541301775
18302,0.11538359440842158
18304,0.0523878832039219
18305,0.13209218761787483
18306,0.23607322079761578
18307,0.05487102352838987
18308,0.05343305812946816
18309,0.1362306355373049
18311,0.14952515857687948
18313,0.1528704520626565
18314,0.1420462651709762
18318,0.157368431054559
18320,0.23453458957752044
18321,0.12103158252177834
18330,0.1516862514390942
18334,0.11901434538694267
18336,0.034407312607980675
18337,0.1358473705110465
18338,0.10785002860341156
18339,0.14523701095692054
18341,0.26254046900413264
18347,0.05911940175896352
18354,0.054613911343746116
18355,0.0506612892739012
18356,0.13522603029057695
18358,0.12111446041510159
18360,0.1556917977512578
18361,0.13386802893398075
18363,0.15353595100740253
18364,0.22979491355860437
18367,0.13554558736877445
18380,0.05128494819758669
18383,0.1394171299236034
18384,0.13215027108188923
18385,0.1474040848359146
18387,0.3622177673579743
18390,0.14410003528639342
18391,0.17964200541682704
18392,0.1407448627563869
18395,0.3591935426499602
18396,0.13774921785332855
18397,0.14582038879605322
18399,0.15266588244358686
18400,0.24389998834607668
18403,0.1527606465080995
18404,0.13587306389149786
18406,0.10038111586323424
18407,0.23785418841083544
18413,0.12292747803574677
18415,0.14459880186642865
18417,0.1667032747324438
18420,0.05393914289283721
18422,0.11653476547673895
18425,0.05537481950719958
18426,0.36882891031817755
18427,0.03442294320958202
18428,0.12102131224726201
18429,0.14411084848641836
18430,0.1321829285127741
18431,0.13713149685856757
18432,0.1506993278042705
18433,0.37780468610034545
18435,0.14049128346817744
18436,0.11237025799373981
18437,0.0385425861912186
18439,0.11825571244482516
18444,0.12681186596948474
18446,0.14175768859611387
18448,0.1474985706437018
18455,0.08420636159211452
18457,0.13287576726275907
18459,0.1475099277735057
18463,0.17667232103410618
18464,0.13678360555012484
18467,0.1254122598069981
18469,0.12500585612379572
18471,0.05503794816733755
18475,0.13549325344678176
18476,0.051686556957245514
18477,0.12133540291138115
18483,0.1319692227441574
18488,0.15838626192396518
18489,0.05221994978407587
18490,0.12362877409187933
18492,0.2595619216387841
18493,0.12156178298730196
18494,0.1360034197165299
18498,0.12078111732665398
18502,0.1296824612611534
18503,0.0517608578349529
18504,0.1304780314864503
18506,0.1302735403506495
18507,0.1543894401628833
18508,0.11739788442484989
18512,0.1366720387048416
18515,0.04732767323323055
18517,0.1568622156658872
18518,0.13610036548795654
18520,0.13787695181779577
18521,0.12071018525308459
18522,0.13038977697092827
18523,0.1319048941285717
18524,0.05574316066570596
18530,0.12132234116812998
18531,0.12427452437192547
18532,0.05674521978763789
18533,0.12786531422421715
18534,0.1588987981876558
18540,0.1266218830302591
18542,0.13222149173760261
18543,0.13520767713939025
18544,0.14165150131744011
18547,0.15139129569801985
18549,0.03314948908338145
18552,0.13698059531664994
18553,0.1616882383008375
18555,0.13737415054382457
18558,0.1653681646292134
18565,0.0547514248422065
18568,0.2735304424855958
18572,0.1292928452672814
18575,0.1465586378837269
18576,0.15265893828053073
18579,0.13380273762569786
18581,0.14584914927692716
18583,0.087894530505692
18584,0.035283374619487474
18585,0.05298141348094639
18590,0.05313946171961629
18594,0.1365635648103326
18595,0.11926366297612694
18598,0.13310540299313117
18600,0.205867924615452
18601,0.34688092342071597
18602,0.11876647675825765
18603,0.23098198751894
18604,0.029307167839539443
18610,0.1373493838140651
18611,0.1399407746917522
18615,0.14881429482737119
18617,0.11743885489405523
18619,0.16295558584472225
18623,0.05196988450711974
18630,0.12142327318132132
18631,0.15885785088824764
18632,0.05308348973339015
18633,0.13573846955381214
18638,0.1433767697611751
18639,0.11339700667441047
18640,0.12260154380637592
18641,0.05608040940220847
18645,0.1695798529957267
18648,0.11364711896672759
18649,0.14042037650955028
18651,0.13815533850339307
18653,0.05724092700648822
18656,0.16027611132098146
18657,0.13986080373715987
18658,0.13524283126836287
18659,0.1400224484587715
18661,0.14393516977335052
18663,0.26322078843895386
18668,0.17597685126893642
18669,0.1263614799938617
18671,0.13777945065885447
18672,0.08160312116990784
18673,0.14097540573530692
18679,0.13943739674458344
18689,0.14406057994076543
18690,0.14279842210111668
18692,0.1379676601445248
18694,0.13233058792102384
18695,0.17620073047916782
18698,0.15650953474629375
18699,0.13479865433376728
18704,0.13621136494048094
18706,0.36209479551751417
18709,0.17100053833213097
18712,0.16287119276515213
18713,0.1550177366188104
18717,0.15244581586155367
18719,0.3993494141561255
18724,0.12660507162747964
18725,0.05676951210370272
18728,0.142130647345343
18729,0.1313292435133076
18732,0.04859217087076917
18733,0.12856113915327821
18734,0.061749706690078655
18735,0.15055802509455699
18736,0.155916763266926
18739,0.13548131941601876
18740,0.14844465887593
18742,0.1433717858676667
18743,0.2844402270171059
18749,0.053557744694810075
18750,0.15627705805952644
18751,0.1167765367640333
18755,0.12372973502937216
18756,0.04971243151756975
18759,0.1417797362326516
18760,0.06232628029825742
18762,0.14565867226967283
18765,0.15078252443694368
18766,0.14690494081618627
18769,0.12027516105150238
18772,0.12754293211533
18773,0.030346303713205697
18774,0.13870151556378818
18778,0.14452108305961825
18780,0.05760006476082735
18782,0.13342221573106833
18784,0.13786908349646548
18785,0.14973998384129697
18786,0.15070740094266005
18801,0.10018330892203028
18804,0.13133153592307795
18807,0.1431006489374456
18810,0.2446200173908506
18811,0.1361336347036474
18815,0.12428277371632672
18816,0.15726752558730364
18818,0.1568377408865715
18819,0.15659740896461827
18820,0.15507097330203184
18821,0.217328996639703
18822,0.18011493293538078
18825,0.1458052244104469
18827,0.22969436100673563
18831,0.13606603853609672
18832,0.1410113693059839
18834,0.22004828112892305
18836,0.12973477482475793
18837,0.12611124819125039
18840,0.059152530393572066
18842,0.11053217371520038
18847,0.1257420248042711
18849,0.11852328659494464
18852,0.11999185400449178
18854,0.15328847886936367
18855,0.12005213723705113
18857,0.12819072620026514
18859,0.15996808906074636
18860,0.16108147062218992
18861,0.14244290461957046
18862,0.04801582755521821
18864,0.14501443550222312
18868,0.13915247653705515
18870,0.15733743211347528
18871,0.05222178042660138
18874,0.13409700859123724
18880,0.16504343327891632
18882,0.12933100374884562
18884,0.12844777239164898
18889,0.15741011227475699
18892,0.16063509549902147
18894,0.2564465295070362
18895,0.15587862982862155
18897,0.1709049494608216
18898,0.05198022085046951
18900,0.22466905338588358
18902,0.14773863106249235
18907,0.15281584212484642
18909,0.16684837913532433
18910,0.3500449998257399
18914,0.14210899549144917
18917,0.1186357665698375
18918,0.1166267972395028
18921,0.2670384555692119
18924,0.14298583609426793
18925,0.11527756720066348
18927,0.15492935815765718
18928,0.051318659858957505
18929,0.1165467287128775
18930,0.13584718235723786
18932,0.15778032906715225
18935,0.0350377779744878
18938,0.04424000845362366
18940,0.1252987306047833
18941,0.14089583775099537
18942,0.1456610740579205
18944,0.05308695285122204
18946,0.1508090369215679
18949,0.12758354570582534
18954,0.05427403653574127
18956,0.13692352060013255
18957,0.0566685693852085
18959,0.15312106294211794
18960,0.09986458844218433
18962,0.13590854226714472
18963,0.16851649850718556
18964,0.2551685764531437
18965,0.14535679550396083
18967,0.11995246047620571
18969,0.14667113793189315
18971,0.23032734956560041
18973,0.1352666031460638
18977,0.138355450173219
18978,0.13781161562058947
18981,0.15612373202109422
18982,0.0574634293751634
18983,0.15203390172801737
18984,0.12351380850565977
18985,0.13724099587077118
18986,0.15213847249741747
18987,0.10756446201459728
18988,0.12886073434206385
18991,0.06088735166141357
18992,0.14120810873622885
18993,0.12791974349208263
18994,0.27789874538336035
18995,0.1309175036682591
18997,0.14815349009267895
18999,0.12290319011574165
19002,0.11846401494923912
19004,0.11107381734619937
19005,0.09808752841910359
19007,0.13538066984390812
19010,0.14381992369653734
19012,0.1335955497466756
19014,0.12614629871309785
19016,0.13227284225465183
19017,0.16308337894775576
19018,0.1372311168187405
19019,0.13738531775315982
19022,0.22152616583734747
19023,0.24849024199959593
19024,0.24793460135364348
19028,0.14234111199156868
19029,0.04963996080952809
19030,0.060105831965140265
19031,0.17582710652626862
19034,0.12558175925048093
19035,0.04547740905911397
19036,0.17055721568874288
19037,0.12687264418760097
19038,0.13692602670733445
19040,0.05016951426347621
19042,0.24234314166097198
19043,0.13086611466384643
19044,0.09205685874575924
19047,0.23993678295101417
19048,0.16790292306695132
19049,0.14584238473446964
19051,0.15250934891597911
19053,0.13455816585530805
19054,0.24141093241081157
19056,0.1180806588347035
19057,0.14543989763546505
19058,0.13500704180818413
19059,0.12325711803296122
19060,0.13134270500366904
19062,0.14617690280812964
19064,0.16273272494305208
19071,0.2700708268355199
19078,0.1209187680562919
19079,0.14039576009600688
19080,0.1078588585118498
19081,0.05935053307143069
19085,0.13742343148544256
19088,0.1520515415961591
19089,0.14036102751839016
19090,0.14669822522929638
19091,0.2751263114680097
19092,0.10876530979127427
19094,0.12880983380010386
19099,0.16515732540309327
19100,0.14173595361234934
19101,0.05965335823291741
19103,0.1325603843668523
19104,0.15763894231305542
19106,0.1407159617699607
19107,0.24718532318960257
19108,0.14101821608359552
19109,0.029335456939114213
19111,0.14990165063442823
19112,0.14736602927224132
19113,0.13575491594458172
19114,0.13931204732848618
19116,0.15047966358106357
19117,0.14657325875877966
19121,0.1368471582453758
19125,0.24060660615785484
19127,0.2137557261512434
19128,0.12437039174214401
19136,0.12936569771984308
19137,0.12318222955699087
19142,0.1433452403148644
19143,0.11498489428501213
19144,0.13707870934461824
19146,0.12948771112538263
19147,0.10424205088701839
19152,0.05560648665135105
19154,0.05115214438337804
19157,0.14508528731139705
19160,0.14206537232422417
19161,0.05603676678790791
19162,0.23199086374458658
19165,0.05252122751890551
19167,0.05170257346978654
19168,0.15071158591570527
19171,0.05364811382642246
19172,0.0508058501015415
19173,0.14087541642574955
19174,0.12977639513278522
19176,0.13663861427679622
19177,0.16507395303699934
19178,0.031945579537682026
19179,0.21473593549472986
19180,0.21613512424611198
19182,0.1542594252076512
19184,0.14237734005354605
19185,0.04876462727020196
19187,0.054277561341272526
19189,0.2369994740311653
19191,0.09833141377720711
19193,0.13646565554250173
19194,0.1481303394332672
19197,0.19811963558565776
19198,0.13214296327086877
19200,0.1513880770910904
19202,0.03349215677986072
19204,0.06203425042513444
19205,0.120174899001151
19206,0.1298373963116999
19212,0.05464166991795144
19213,0.13208825196866864
19214,0.3873550134655865
19222,0.14939050268539994
19223,0.1630162003056472
19225,0.2566062147643135
19228,0.16496596463137841
19230,0.385599533566557
19236,0.14802639363833903
19240,0.15444237223304375
19241,0.15304400327646012
19242,0.1390044356555488
19243,0.32841104057456183
19244,0.13101308608259013
19248,0.12932394430384983
19249,0.16158586661266847
19250,0.14710302313348134
19251,0.1623442955254549
19254,0.15196262219696768
19255,0.13696314576956597
19258,0.13913801343762616
19259,0.14807509554254622
19260,0.26225998241387977
19261,0.12512148662431383
19262,0.05112245068245885
19264,0.13264471060291844
19265,0.18921396283681696
19266,0.13657065129989002
19270,0.11753832242928659
19271,0.13592732319289896
19274,0.13688699615973596
19275,0.1361161996802969
19276,0.08611330633980775
19278,0.04981147210458769
19280,0.13710003526366216
19282,0.1467549173927211
19287,0.1721173187135646
19288,0.14307961248490997
19290,0.15726050447059958
19293,0.1504206370467687
19295,0.22342159365840814
19298,0.21354052627859818
19299,0.21250535490493982
19300,0.05558572657093143
19301,0.12170482061545036
19304,0.13590016486234785
19305,0.14871878147495354
19306,0.11709857760590994
19309,0.15379322072428878
19310,0.12313806421880213
19311,0.22157591362699863
19313,0.17093574760346059
19317,0.16568086376334357
19320,0.1690725933930226
19322,0.04674421001337577
19324,0.1454669750392401
19325,0.13191887749279357
19326,0.12955190519096055
19328,0.1386457106138492
19330,0.15098114800574886
19331,0.4079305406360447
19332,0.13868787258571041
19334,0.14314217669271972
19337,0.13245731045089246
19338,0.1534856769035134
19340,0.13604227013937364
19341,0.13770261553701818
19342,0.14389486384347466
19343,0.16941637045479468
19347,0.3593793762380676
19348,0.16557176473946203
19349,0.25678177058905155
19354,0.13215198775482626
19356,0.1206133606044409
19357,0.11716536354963261
19358,0.19801792393480527
19361,0.14387775309039247
19362,0.12697972250188866
19365,0.13875586782297247
19366,0.0889468869442036
19367,0.14974749669244702
19369,0.13811908712651752
19372,0.1370222647752503
19376,0.033285065504097516
19377,0.151888837750261
19382,0.0555310321085989
19383,0.2601872268690141
19384,0.16713298466912352
19385,0.1439545198827387
19386,0.17483737850956388
19388,0.14091533221270258
19392,0.1365631183330271
19393,0.1676666519614804
19394,0.12064428627204402
19395,0.22213058904421476
19396,0.14127786597972383
19397,0.12593387770280376
19399,0.15979857599668373
19400,0.16313190568199623
19402,0.13745191259285142
19403,0.15132344357637262
19404,0.11911915607898385
19405,0.13450639353115246
19406,0.1333150281179702
19408,0.12164364276842846
19412,0.17307477134357532
19414,0.1485319337163501
19419,0.22843088242461915
19421,0.15750097011329334
19424,0.13024153973753796
19429,0.3814334033119149
19431,0.13690518341728158
19432,0.14258134681940313
19434,0.05640588039889949
19435,0.1255060160307405
19436,0.12880117625392729
19438,0.14155506861785025
19439,0.27884944964449837
19441,0.05617252191311271
19442,0.048318106471878966
19443,0.13781525294584757
19447,0.0952216747749961
19448,0.13204180603901183
19449,0.13722632106707505
19450,0.16106451361902124
19452,0.12528524767217247
19455,0.2599415935448389
19458,0.11422153700440565
19459,0.14952743366287816
19460,0.14991362116905702
19461,0.03023355455420933
19462,0.12673296786323443
19463,0.13451950732159013
19468,0.1509942920314668
19469,0.04833951807814579
19470,0.3583156143246217
19471,0.2397666704155025
19472,0.12186744343810851
19474,0.14303359408683103
19475,0.1303433238112242
19477,0.1418444415006402
19478,0.13699721327966238
19479,0.26927771317345606
19482,0.15225334025530884
19484,0.28972974174107335
19487,0.1427388261144736
19492,0.13894334420345192
19495,0.13878978830792982
19502,0.14341256999658802
19505,0.12967665382920454
19506,0.1247877251062715
19507,0.12564600625513103
19510,0.1249267992710326
19511,0.3743551303920706
19512,0.02948732184981521
19515,0.1393580236499383
19520,0.1443066795457086
19521,0.12862143082864058
19526,0.15726203387194593
19527,0.137509132805664
19531,0.24190529242747746
19532,0.12954043392322362
19534,0.13570547139132985
19538,0.15285725475226303
19539,0.04504368313948128
19542,0.11250293322119717
19543,0.11406272616325377
19545,0.13743979150507651
19546,0.1514219376490085
19548,0.16931138740238758
19550,0.15295456749158198
19552,0.11508987458215489
19553,0.020509085574485005
19554,0.13238679816796642
19555,0.12502279984860348
19556,0.14706797024617763
19557,0.13147447624222497
19561,0.1570048213329467
19563,0.15253722529813946
19570,0.12259595553395397
19572,0.13517208626593008
19574,0.24479903077256077
19578,0.1272382273118283
19579,0.1472168657302433
19582,0.17861381656238481
19586,0.03258171553165569
19587,0.11169880158832815
19589,0.12037544385423735
19590,0.055626481737873566
19592,0.1352158712249449
19594,0.06240896350979312
19596,0.24277921451059536
19599,0.12650054569840877
19600,0.10946443009318318
19603,0.11297836933777719
19604,0.1443356625380473
19605,0.1714234307313073
19607,0.1320728805028662
19616,0.052846285235549614
19618,0.06075716306591487
19619,0.05392987500131443
19620,0.1330089224500302
19623,0.12414018202849916
19624,0.17119610424275805
19625,0.1384853126647238
19626,0.17915659561447247
19628,0.12218509517359841
19629,0.1517686868065931
19631,0.12011034660278219
19633,0.13413369322081517
19634,0.13816518011293827
19635,0.2691840159399769
19636,0.15974193217503638
19637,0.11219948660987547
19639,0.16188499723001826
19643,0.14548451623246866
19644,0.14011525724807164
19645,0.17096692404036923
19647,0.1472671633056864
19649,0.14707495022575073
19650,0.16313929126751364
19652,0.161767199311875
19653,0.16356126281466382
19656,0.11729771108525497
19660,0.14858692359174192
19663,0.14405597647027363
19664,0.16159572137218686
19666,0.15328872512621522
19668,0.12711706405441775
19671,0.13858127404950732
19672,0.13310953900635342
19674,0.2193228361844021
19675,0.1289972168195335
19676,0.1452206860654884
19678,0.14965464151943042
19679,0.14766953146145684
19680,0.18669392272048993
19681,0.15440698018260715
19682,0.13036976963907895
19683,0.1425008682799388
19684,0.11941543789372475
19686,0.1335193136675735
19687,0.14470389711583118
19691,0.12630290474674166
19692,0.13301308180716948
19698,0.2425021199957576
19699,0.14347989496727717
19700,0.13960307780821493
19702,0.12106255372509747
19706,0.13744385833116085
19707,0.3646167872601945
19708,0.13034700588780693
19709,0.155063504071223
19710,0.13565713949207403
19711,0.14682690862289324
19713,0.05409671488347273
19714,0.12666204085924754
19716,0.16150765972331965
19718,0.12063283696473537
19719,0.14649803724335836
19720,0.10188715718429127
19724,0.046315600551498054
19726,0.23472414346626827
19727,0.13157436837002784
19728,0.04939483140750468
19729,0.1378419656756456
19731,0.24702707932882792
19733,0.14616539849417792
19735,0.12761383466273263
19736,0.13991805399268445
19743,0.14818317705684197
19744,0.14152053186087804
19746,0.12740210162301593
19748,0.1398042264695683
19750,0.13720946588389818
19751,0.24010733882476978
19753,0.13557597154596887
19754,0.13560045216666056
19758,0.12878775252726204
19760,0.1471883799836519
19766,0.05268950136286184
19769,0.03131721351708262
19770,0.15385846199590997
19775,0.15339638467433386
19778,0.1040807780335927
19779,0.04953362150166335
19781,0.1358097223203491
19782,0.38566759979830145
19783,0.1357929567630284
19784,0.04700116270463378
19785,0.2385790085311877
19788,0.24250697058086765
19790,0.13655644481945628
19791,0.05259207007278732
19792,0.04747266856235998
19793,0.13645762696145894
19795,0.13568952206400486
19797,0.2519104399607567
19802,0.06865167607177
19803,0.1578490817309509
19805,0.1463910492472627
19806,0.1325296202496021
19810,0.1685266686523566
19813,0.029500412215039806
19818,0.13195693842671616
19819,0.14999487497796302
19820,0.1647563560463595
19824,0.1844086443273219
19828,0.12789926883859465
19830,0.13396007101317217
19831,0.24476066331450813
19832,0.04874487775468522
19833,0.1698570220410736
19834,0.1318784571821515
19835,0.12992817649667726
19836,0.13672703515959797
19838,0.14831255329690768
19839,0.1422289220981567
19841,0.15689952422658376
19843,0.1332980845137691
19844,0.13092510013649689
19845,0.13430198717579322
19847,0.21755376520853237
19848,0.17126981157394203
19851,0.21253748786617255
19853,0.1687741086638088
19855,0.13861892018883448
19857,0.17238776300906392
19858,0.1383484521602759
19861,0.06123942150897309
19867,0.1511769819770143
19868,0.13176648710841615
19871,0.11741330867934427
19875,0.13318896668841784
19878,0.13207775311722753
19879,0.0555590472227798
19881,0.17736022524179024
19882,0.13842958701417973
19883,0.13789008544741105
19884,0.24661505162183048
19887,0.3793247031573661
19889,0.12561946750197758
19890,0.14363707763828057
19893,0.23333607104519788
19894,0.25815127092782386
19896,0.1344759627019849
19898,0.3428132672477936
19900,0.2637927362101992
19901,0.14282567750332045
19904,0.16458021674090387
19906,0.37480428160911927
19914,0.03259074270155743
19916,0.05623964678939003
19920,0.23850150824530844
19921,0.055593600727502336
19922,0.13117070877218628
19924,0.29261818867001144
19925,0.12039585114551725
19926,0.16091771311203343
19935,0.03409074353553861
19937,0.12727666478251204
19938,0.12341982456209481
19941,0.14457287913986056
19943,0.09857688648720184
19946,0.15398355070034117
19949,0.05858420760153803
19953,0.13907705086339092
19955,0.1356898762340184
19957,0.14963244759404531
19958,0.14268044174294667
19959,0.1703316272515008
19960,0.15841010968110242
19963,0.13196080960967058
19964,0.3730274248710786
19965,0.15889059831839267
19966,0.14737229248177006
19967,0.13081806958233863
19968,0.1535082089990597
19969,0.037925756027532
19970,0.04980409853974768
19972,0.11047810405490525
19973,0.12295582550209341
19974,0.09392482230786925
19975,0.13825514944850822
19977,0.2818474390733287
19983,0.053713834321231405
19984,0.07525112512649848
19986,0.24436567192523317
19987,0.14700169313993663
19988,0.1488781311258466
19989,0.12556000291360145
19993,0.10700911611325217
19995,0.12152167673750518
19996,0.1590337854590429
20001,0.1302196682356549
20003,0.1120964871194678
20004,0.15483585334608313
20011,0.23766295653018207
20016,0.21976661726451713
20019,0.14966370901895457
20020,0.13238791507103392
20024,0.1275883211007175
20025,0.24705041433390154
20027,0.14466884205911937
20030,0.14717903243757027
20031,0.047561922351133865
20032,0.13326204708956318
20034,0.1376402100157026
20035,0.12018915301457248
20037,0.0556507836232087
20039,0.1316378464742159
20040,0.14006320829033717
20041,0.13674814516615003
20042,0.1362458951933815
20043,0.13462113428737604
20045,0.12066201502513851
20047,0.1792574456675857
20048,0.25217680308154494
20049,0.1420827946321464
20051,0.25807808886678424
20053,0.14822466703373963
20055,0.14545234537467286
20057,0.2609612559316218
20058,0.13261117185233867
20061,0.14889897188212328
20065,0.14598391786427134
20066,0.11844438909626734
20067,0.12898177408672457
20068,0.0515850108877012
20070,0.15973488289675403
20072,0.13275454025828898
20073,0.16803990338531655
20075,0.16436186685418527
20077,0.2374455470197848
20078,0.12623837006615696
20079,0.13684820593122932
20083,0.11754023413873846
20084,0.10600064635162006
20085,0.1267052073595708
20086,0.05823046252183813
20088,0.1290158303278451
20089,0.15903680384030472
20090,0.051247158036732895
20091,0.29060588976511864
20094,0.18219566950043062
20096,0.15565236111271835
20098,0.11470551451536833
20100,0.14220799793759778
20102,0.18536654702543492
20103,0.15270018507883226
20104,0.15984501263366596
20106,0.13020526836055304
20108,0.4240739694661576
20110,0.14902082082417878
20117,0.17539745211536592
20118,0.3599445846303229
20119,0.1386698656314352
20120,0.32115185750143777
20126,0.11338344490181707
20127,0.1256365598571469
20133,0.13422768312546735
20138,0.13045843798473872
20141,0.14384782727006945
20145,0.16878811358567075
20146,0.055146459276683726
20148,0.14205967606526732
20150,0.1432966386697167
20151,0.1370441815113157
20152,0.15100968651237665
20156,0.1314248594206618
20158,0.14789417783418396
20160,0.13163746775253368
20161,0.05788897986026944
20162,0.1506942543949888
20164,0.16283174619715948
20167,0.1274888994723828
20169,0.1463887141228779
20170,0.1507322285545139
20171,0.13630705198178733
20172,0.05583472952104431
20174,0.12123714834486313
20175,0.12873421440835955
20178,0.11370818506293197
20181,0.13658120788291664
20184,0.049041364378382926
20187,0.2420066500382771
20189,0.1300515328992392
20190,0.1319522857925009
20191,0.123117204149371
20192,0.15142291537799515
20193,0.16215234359585948
20197,0.2549941471789132
20198,0.11666054263961181
20199,0.12484718928528941
20201,0.14513975918058689
20202,0.09886013632517551
20203,0.13394316261418798
20204,0.14030195312402408
20205,0.1522770986191071
20208,0.05437858222738654
20210,0.13406986390513775
20211,0.14397982203433035
20212,0.14962680618178648
20213,0.1434851835119813
20214,0.15271253620614134
20217,0.12397288623677127
20218,0.14827126319482425
20220,0.13190556414120846
20221,0.12270233872039264
20225,0.11913816508988546
20226,0.15158715352197089
20229,0.13760888870818117
20234,0.17690705946927113
20238,0.13024107798852405
20241,0.05949768997253717
20242,0.15013620038472927
20243,0.17211232805702514
20245,0.1367574903028021
20248,0.15978479551338906
20250,0.15690361739455633
20251,0.2241373102046031
20252,0.13890758121557675
20255,0.05497318152418231
20256,0.12047602048324843
20259,0.050658534232864
20260,0.05545766691742944
20261,0.14082225863858583
20262,0.12942829685103868
20263,0.1282801919145795
20265,0.02820994635951805
20266,0.2753991530881391
20269,0.04915316437336228
20270,0.15094124151578586
20274,0.11400758983129045
20276,0.2361218335860006
20277,0.27009505101302167
20278,0.11891402803187597
20282,0.13744472956128634
20285,0.13818551669964907
20286,0.19203117164541383
20287,0.06063520192336604
20288,0.23149951357582116
20291,0.23976136594690253
20292,0.055898748615646844
20293,0.1268597764510234
20296,0.14616765873555473
20300,0.13952267949536662
20302,0.1450245743863127
20303,0.14236272281819348
20305,0.16023062284218995
20306,0.1510976642566644
20309,0.13236110054391334
20314,0.25988484663262834
20315,0.11963018692731775
20316,0.12874346665594535
20317,0.13248141500712146
20318,0.1397628258963165
20319,0.12338508027250142
20320,0.16556847073654288
20323,0.14246144862346732
20324,0.05056302079305749
20325,0.052322175679184305
20326,0.05167062919501762
20327,0.12840995972048894
20330,0.1265141430312853
20331,0.13514015219372508
20342,0.14839914013815658
20343,0.13987638504301675
20345,0.17155954320733133
20347,0.06707280293921522
20348,0.13082524461884404
20352,0.10501533985511693
20354,0.05106872846951458
20355,0.1320260415553506
20356,0.27613960124501213
20357,0.13606336876371367
20359,0.13002505345765758
20361,0.14213540619198994
20363,0.058401143012429435
20365,0.15031264658725563
20367,0.346455038532981
20370,0.05337706819278372
20372,0.1091187868964264
20373,0.14091543657623445
20375,0.36294612361223055
20376,0.13365049823291894
20379,0.057018161968362166
20380,0.13368164132222074
20383,0.12835230494685293
20384,0.158616723858937
20385,0.11087713773174021
20386,0.12601513035902706
20387,0.17507827889434338
20389,0.12964487904429361
20391,0.1732194884268527
20392,0.06483592274434359
20395,0.14176876587847356
20396,0.24074371407848486
20398,0.2891198523874896
20401,0.14224220841593296
20403,0.14355519970889713
20404,0.13373692910327217
20406,0.2491705695031034
20407,0.13351098653746946
20409,0.13715623201514546
20411,0.12267574003649477
20412,0.14686617661885465
20418,0.14260077162290763
20419,0.1353763956276653
20420,0.05124788851014448
20423,0.12755709932689793
20430,0.17475664716607872
20432,0.12354659449472705
20433,0.39701823810823417
20434,0.25090298840098546
20437,0.13029413908002005
20438,0.15443475114673097
20439,0.1438856554818955
20440,0.12477845500005472
20442,0.13540889849186202
20444,0.2820312484499624
20446,0.1373498355329536
20449,0.17626540742982993
20452,0.12548624395720656
20454,0.13520639850647836
20455,0.13318212255794792
20456,0.12883159119042728
20458,0.147997772332612
20462,0.14935081899018607
20464,0.15725065700150667
20465,0.12503396017668017
20467,0.14806547098028497
20468,0.04837999865486253
20472,0.16617356433445765
20473,0.04886565282989199
20475,0.1312179568694996
20477,0.14681495651327509
20482,0.13742710796747332
20483,0.21847834954066245
20486,0.2503728088245255
20487,0.1572946057877806
20490,0.14690074898621322
20491,0.12818440534109027
20494,0.05364964011516758
20495,0.13085406448351367
20496,0.13117203922848347
20497,0.13487438522444234
20498,0.21178132825146395
20499,0.13561674758462616
20507,0.09329791411996131
20508,0.1324767167805308
20509,0.061418185487626197
20510,0.12771225517485307
20511,0.14061286118222613
20512,0.03451544170296795
20513,0.15283828217060685
20517,0.15168002030811148
20518,0.2776327681273814
20522,0.1583292650221139
20525,0.14264283424525245
20526,0.13167866156477365
20531,0.23481487479405358
20534,0.16525835228272445
20536,0.1378168653173149
20540,0.13810153630678773
20544,0.13759779297490304
20546,0.156914059016805
20548,0.05222899797195805
20549,0.13415667766068212
20550,0.04615265032567592
20551,0.1165573347924966
20552,0.12373447752738231
20553,0.12563505778946332
20555,0.23382775210037104
20559,0.1645069154499826
20560,0.12869194012446017
20561,0.24431691112826046
20562,0.14166000090285258
20563,0.1389315880939474
20565,0.14845386105131522
20567,0.13313614206726843
20568,0.18295162184463928
20569,0.15057247493109618
20572,0.11293152412909824
20580,0.1627404574373857
20582,0.1389690928384805
20584,0.2973683470956471
20585,0.1475984734058971
20588,0.031159640252894454
20591,0.14811452690283772
20596,0.12419952734591784
20597,0.06153697192918707
20600,0.1312298880608202
20602,0.21500822349195223
20606,0.05475541986115399
20609,0.12752775359848875
20610,0.15432828395871792
20611,0.14611444863502948
20613,0.13025509383569878
20616,0.22811444521144136
20619,0.030888040382143815
20622,0.15189783225954706
20627,0.1228347167663522
20630,0.13955558079893163
20631,0.03519132200409712
20637,0.11522271741195604
20641,0.23555647126575732
20643,0.2234143521454373
20645,0.14444189154695855
20647,0.12480828959899778
20650,0.14194254695989894
20651,0.12643921571574968
20653,0.16496409050237654
20654,0.1537140657614065
20655,0.055646566177402754
20656,0.15405504869045059
20657,0.1275475249699114
20659,0.046795947097744456
20661,0.06435123757212499
20662,0.057826571041740146
20663,0.12783727247195073
20666,0.13121201523753223
20667,0.13032171657371297
20668,0.13214106135271492
20669,0.24633004556057334
20673,0.05788238101461488
20675,0.146585650271648
20676,0.17285714951097242
20677,0.1297176308526447
20681,0.12212501792806149
20684,0.12832574015413273
20686,0.1332073926352205
20687,0.13646802526226434
20689,0.13974058843414375
20690,0.14807455163453334
20691,0.1551209146705877
20692,0.13796642060061953
20694,0.11481455471994204
20695,0.15935338357386042
20696,0.05949934949715818
20698,0.13975799329132976
20700,0.1738868436836815
20703,0.13272512690308075
20704,0.3604024212820601
20705,0.128312028506764
20706,0.1250650783999702
20707,0.14340677848286165
20710,0.2554272546801174
20711,0.14205438292622702
20712,0.056099408856123266
20713,0.14141931208091918
20714,0.15849742966024477
20715,0.14270685539830227
20716,0.16581331615138467
20722,0.12617290521283725
20724,0.1617956801505907
20726,0.27251950212761167
20728,0.16457558121065752
20729,0.27293380244825827
20730,0.12656233364041916
20734,0.14693793281937523
20735,0.05220268160540305
20736,0.13066362863297035
20737,0.13621417396112867
20738,0.14686023627960115
20742,0.26912175186698206
20743,0.04835553956079184
20744,0.12635209204025494
20745,0.14612508836666707
20746,0.14314584860721963
20751,0.09383017099034252
20754,0.1541491537677679
20756,0.26321698128924104
20758,0.12431079200932052
20759,0.13407986086554655
20760,0.16681512639022447
20761,0.236606251191866
20762,0.1199866542240405
20763,0.11178674796074776
20764,0.11900927131052101
20767,0.22354522993909653
20769,0.060115823537092196
20770,0.14176092396670098
20773,0.12792251483817013
20775,0.3494481270323951
20776,0.12074619227103031
20777,0.2527072950928183
20778,0.05440102187037036
20782,0.13446986444413594
20783,0.12653605005300875
20784,0.14275092300930634
20786,0.11528943934847855
20787,0.1329005065873072
20788,0.12865564366448562
20789,0.04127804127313218
20790,0.05682750171677037
20791,0.1473363553086297
20800,0.2837404525935586
20801,0.12760650585952032
20804,0.1269614575694779
20807,0.171313855834704
20809,0.05206155939210118
20810,0.35021773306069515
20812,0.37021491481543073
20814,0.12523210140329252
20815,0.1470507786874146
20818,0.027840389876784388
20819,0.15010927917396583
20820,0.14626863286185912
20821,0.14481523158173681
20823,0.13648137329451238
20826,0.16274786734201152
20827,0.2653421140486484
20828,0.14265043735069188
20829,0.11879949127944552
20830,0.15364276936847765
20831,0.13295458359172171
20833,0.13961192515280627
20835,0.06373717449016979
20836,0.12991026811429027
20837,0.17135542349153238
20838,0.13684856496786382
20841,0.15057910338903846
20842,0.15112337060673192
20843,0.14776112502545002
20844,0.12575553212996782
20845,0.1380397318978097
20849,0.23946251115206157
20850,0.13266295146998702
20851,0.12958600607803097
20852,0.15455434010408284
20853,0.16432187821098462
20854,0.13187740881402574
20855,0.14173436736800046
20857,0.05749468963205253
20859,0.13059599600219457
20861,0.13034918336644852
20863,0.16204013413410906
20864,0.2796834216881434
20865,0.12365337193970731
20866,0.06293102904709313
20867,0.22188155943456422
20868,0.259297691106835
20869,0.15571413103489412
20872,0.1482813219875711
20874,0.053610715979348925
20875,0.14780510099571728
20876,0.13758970229632253
20878,0.1591256100030719
20879,0.1585037387352334
20880,0.05610967659598961
20882,0.24142860964733356
20883,0.24967400205561008
20885,0.030606157024367336
20886,0.1331298439646585
20887,0.05569521439373102
20888,0.15396630854458562
20889,0.13015451120451554
20891,0.12427907651209844
20892,0.16038141896230554
20893,0.14793743888997185
20896,0.13972202228026326
20897,0.030288170772785866
20899,0.13969755796504257
20900,0.2811356608378409
20901,0.14370532521954704
20902,0.13537470629835407
20903,0.12905803616917808
20905,0.12082233282335111
20906,0.2194870027067714
20911,0.1311492952099425
20912,0.1608005645306902
20913,0.15426839312496438
20915,0.13249465524088594
20916,0.17523357844865844
20917,0.3662373213343704
20921,0.12549288679322346
20924,0.12061874641485977
20925,0.13684331431164004
20926,0.14647948618287665
20930,0.15727617953902684
20932,0.13998215305641196
20933,0.13361368779094654
20935,0.1629687407494782
20937,0.09243523672882811
20940,0.15065985228095521
20941,0.047225488909932695
20943,0.12502048616379738
20944,0.054163137480811606
20946,0.09559482489630719
20947,0.13574982014938058
20949,0.13834968737613967
20950,0.1113520556746745
20955,0.13133012558014
20957,0.12901978979317116
20958,0.14202901764903886
20960,0.14951913610980774
20965,0.2254409155083832
20973,0.23909007754400555
20975,0.12224043650521506
20976,0.15769267766005804
20984,0.14471494133881674
20985,0.1193625153699052
20991,0.25864200332797715
20994,0.05075187837466053
20997,0.13448076504492415
20998,0.1353589756769499
21003,0.13683863073504562
21004,0.15646630411911996
21006,0.09335233701522543
21008,0.12813766365486096
21009,0.052659652245187795
21010,0.14719175672071394
21013,0.2367497182549037
21014,0.1506254450404892
21016,0.14000393898247188
21017,0.13530622108233065
21021,0.04238162431987028
21023,0.1294094843300232
21024,0.1284838076710932
21025,0.12341615149506172
21027,0.1559238662640085
21029,0.06171994429154992
21030,0.06626772721864616
21031,0.05303203544711087
21032,0.16420941833136218
21033,0.16423978208642845
21034,0.2182913978310653
21035,0.054150008728733344
21038,0.14954215157004913
21039,0.12198465137778869
21042,0.15956167542503
21046,0.13959408896501319
21047,0.12987144129580877
21050,0.054267815341227564
21051,0.24738981769849508
21052,0.14711521093831434
21054,0.03237036214001319
21056,0.16008395881232285
21057,0.14074267997853357
21058,0.13236153629119443
21059,0.12169620571091941
21060,0.056641667099927996
21063,0.036296836450581724
21066,0.055155619357389815
21074,0.1622351106568368
21076,0.15441430853670754
21077,0.14103416971078742
21078,0.11881905485313982
21080,0.13702174372350434
21084,0.029807039594718237
21090,0.22458081830591725
21093,0.12742656078314712
21094,0.1384421332529655
21095,0.21810638320462838
21096,0.1395005510726361
21097,0.21467019406035942
21098,0.05874125865482218
21099,0.15047454399980786
21102,0.16601036615331308
21103,0.14743087538456476
21104,0.12901277979965248
21105,0.13896269323967023
21106,0.22252099865820188
21107,0.1727924037516283
21108,0.14975599018553798
21109,0.051018957899566966
21114,0.0495660667859185
21119,0.1314697630378922
21120,0.12156332212090175
21121,0.14163371982672618
21125,0.13964465163978249
21128,0.1589551203323363
21129,0.05968135591263305
21130,0.13877717768098558
21131,0.128159770367346
21133,0.24889059775596598
21134,0.14672231081585782
21135,0.12807832359021826
21137,0.10236809539295058
21138,0.1291053070459301
21139,0.053881825421355486
21140,0.13044550605657124
21141,0.13036496816011628
21142,0.13193872501382845
21143,0.1385984169314468
21144,0.10370798217602459
21146,0.08732744841640024
21147,0.1453395078877852
21149,0.13302771983493958
21150,0.15335507654521838
21152,0.23728987768638693
21153,0.14875589485163507
21155,0.05997632932432349
21158,0.09959364269809959
21159,0.1337067968593495
21161,0.144714314693244
21162,0.1228363688002267
21163,0.14307623649049844
21166,0.15381196495863078
21167,0.16698781525540846
21173,0.12414609669659649
21174,0.1421419942380452
21177,0.1471297985616456
21178,0.13180307996080293
21180,0.2659600324903979
21181,0.05438528570598224
21182,0.04876524053505791
21183,0.14892131543416542
21184,0.1253541874475365
21186,0.12239386212847433
21187,0.2373943000580719
21188,0.14172536849238143
21189,0.15982175046336664
21192,0.13382158969874244
21193,0.15348753574146348
21196,0.04451535029205468
21198,0.14527464667846185
21199,0.14329600849992635
21200,0.15515351512296707
21204,0.1609861506956264
21206,0.13720365937043447
21207,0.1271430810762924
21208,0.1487695711387167
21210,0.12955671403524363
21211,0.0515406524698222
21212,0.1356736139470266
21213,0.11040161201091821
21214,0.12516489185003227
21216,0.22424761039758975
21217,0.05594060798711738
21218,0.15044200808969213
21219,0.25444010121085325
21220,0.1327690210968643
21223,0.2582305790298009
21224,0.1779936660837948
21226,0.3098540361256694
21227,0.12688279068060676
21229,0.02889911864893026
21231,0.14414678679698034
21232,0.15001839056548502
21233,0.13694678754441197
21237,0.12921783309781665
21240,0.12097877860847488
21245,0.22912691446922134
21246,0.14960812675593443
21248,0.14858922450622575
21251,0.12856373005453112
21252,0.1271936410463175
21254,0.1335141025828281
21256,0.14075241685142775
21257,0.13661382455748988
21258,0.17668138430243324
21259,0.24301895266731915
21260,0.15521178351977558
21262,0.1225883057161492
21263,0.17084781530291102
21264,0.15887553886731784
21265,0.13744445251244822
21268,0.058075147652913474
21269,0.027840448522774775
21271,0.2496068578102951
21272,0.23923641682696412
21274,0.15401734849491983
21276,0.11970399984877123
21279,0.13963703991955262
21281,0.12555113451711594
21283,0.21471016106632632
21285,0.10852411516451572
21288,0.12847760295708605
21289,0.23176202320418068
21291,0.1289073034102517
21292,0.0553206732105664
21294,0.1756077590398239
21296,0.1505856647823532
21299,0.136686492313212
21300,0.1527076805794647
21304,0.03116462761173055
21306,0.060885895892470454
21307,0.13466171062579524
21309,0.1289968192971527
21312,0.13341911242647345
21314,0.14393540575162014
21315,0.3466650533303796
21316,0.13192147604466642
21317,0.1372519362079335
21318,0.08844872755505029
21319,0.15565044568009107
21320,0.1386420340277675
21321,0.14228505643852246
21322,0.2290907759459217
21323,0.17352358512497007
21324,0.12554579847035735
21326,0.25436667895676895
21327,0.128333423121197
21328,0.14738805392791782
21330,0.11348861453156874
21331,0.15407398561869184
21332,0.24111744521507789
21333,0.13957721607651336
21334,0.1457348293914914
21339,0.0584768708084761
21340,0.03102174747263039
21342,0.05286681689613515
21344,0.16307324816182026
21345,0.2526389437788644
21346,0.2616101693204644
21347,0.057492859880005964
21348,0.033424099668648934
21349,0.1209917941243253
21350,0.1572875348046606
21352,0.055853502986118
21355,0.0591503458588861
21359,0.17210923903953806
21361,0.1189492187987902
21362,0.13799666455352433
21364,0.138025729869203
21366,0.09188767207890308
21367,0.13498301501605767
21368,0.13914805875572706
21374,0.24099394602313376
21379,0.136009622810913
21380,0.07391952420623149
21382,0.1264643639431317
21383,0.09460955587314308
21385,0.1378094502229383
21388,0.15661563374616577
21391,0.1484902530600132
21393,0.13689134719567045
21394,0.22769989780983066
21395,0.12264254872495381
21398,0.1512042951206742
21399,0.05381498136541492
21400,0.16360478839059148
21401,0.14313651100803487
21402,0.25827240038856775
21403,0.23582873589877953
21404,0.05353980055030296
21406,0.1283191246793293
21409,0.12325061929029521
21410,0.1340033595021631
21412,0.17706088093332256
21413,0.11686124811261515
21414,0.1451394484391228
21415,0.15983129633596188
21417,0.034020350344957304
21418,0.14032572416705072
21419,0.13095044667355543
21420,0.12106913699179685
21421,0.24345680313564494
21422,0.128990686041379
21423,0.056322867169108795
21426,0.16122636898491383
21429,0.05168911832557358
21432,0.12977980333238517
21433,0.14951754496044958
21434,0.13301907313489475
21435,0.1391190436680652
21436,0.05270146495055398
21437,0.23887867534214843
21438,0.14156857688409835
21443,0.15056935207952454
21445,0.14805047262523943
21446,0.12215492575201159
21448,0.1837467887997069
21450,0.05338185623947629
21451,0.13649385029107833
21452,0.13092593030694558
21453,0.14715978556114145
21455,0.15899062635810063
21456,0.16356625873460442
21458,0.047414062926019
21459,0.1330200457770726
21463,0.13538154611817643
21464,0.3930378393090542
21466,0.04755680743107613
21468,0.12816707586429674
21470,0.11323996275792088
21473,0.1486745906121211
21474,0.12713417229453677
21476,0.12642291117176582
21478,0.1004753331188462
21479,0.15164237764594377
21482,0.12043853778068805
21486,0.12106309145494769
21487,0.14330961717374718
21488,0.11672228366797707
21489,0.06143915253592971
21490,0.12263649591678313
21492,0.26172416403079246
21493,0.26693477977511665
21495,0.1573771093784305
21499,0.13873302648969524
21500,0.12550007885410716
21503,0.13477278687764305
21504,0.15346204170143865
21511,0.05096551306175375
21513,0.15668020617169398
21514,0.03384971213652545
21515,0.23686358321467016
21516,0.12237261191380988
21517,0.03353984664790385
21519,0.1398087586650371
21521,0.12702691887887085
21522,0.2602965501842508
21525,0.06236902549130975
21526,0.2184148449076737
21527,0.11721812338668536
21529,0.14155646706816818
21530,0.1369681620993593
21531,0.2503063739618059
21532,0.21112465148369375
21533,0.12077800761505482
21534,0.16136440407791675
21538,0.1014293699213514
21540,0.1388802069778736
21542,0.1356176818910424
21544,0.1390363044034422
21545,0.05417034493397131
21547,0.13438359236776345
21548,0.13682405716386753
21551,0.10234682827558687
21552,0.16641588581232714
21556,0.09516100540110183
21557,0.13082041005835687
21558,0.12345076823447879
21559,0.21775912869418784
21560,0.11302442256287429
21563,0.05462059908903553
21567,0.15450123645777095
21568,0.130251463942412
21570,0.06629392050473638
21575,0.11981021959192717
21576,0.36888380281953637
21577,0.052349765699871584
21579,0.12611103573317986
21580,0.04580641987343048
21581,0.1373094866066576
21582,0.12887411846901098
21586,0.1552042388456632
21588,0.14135202687301832
21589,0.15409705411511848
21590,0.1258848258305687
21592,0.14363754599946876
21593,0.15732387018925334
21594,0.15259784009602595
21595,0.08663183680340751
21596,0.13546306192391258
21597,0.1290245791524463
21599,0.13419976843465098
21600,0.05598083268021994
21604,0.05477690143168144
21605,0.14114469840832325
21606,0.3393481982520701
21607,0.13306098078658493
21608,0.1540212307401288
21611,0.054214661022378485
21612,0.24819087354193653
21613,0.16990871032473293
21614,0.1542211966261703
21617,0.12894811882815316
21618,0.1320295506777926
21621,0.14670240358762557
21623,0.14822415022674806
21624,0.12860736918980673
21625,0.382724923632822
21626,0.1467406790921905
21634,0.13495387167341166
21636,0.15148413500756702
21638,0.14709896015304663
21641,0.11791130059078528
21643,0.14833618174377167
21645,0.05409539577287646
21646,0.052682573328064156
21649,0.13481787400381112
21650,0.13855634304905715
21651,0.05571181190235671
21652,0.13967501520764772
21653,0.15713387020847153
21654,0.1704488133375952
21659,0.09380311329456026
21660,0.022734507997505017
21661,0.12059568879559465
21664,0.13074557969022346
21665,0.13093162308730039
21666,0.3780279239990175
21669,0.1403968176499404
21671,0.10837492287751463
21673,0.25378383728789994
21675,0.14074870622371155
21676,0.1362878340392685
21677,0.12423804739782267
21678,0.23057386250626793
21680,0.14345784059860422
21681,0.14166175789947358
21683,0.13247112194225766
21684,0.11914954687836729
21685,0.05351612880643523
21686,0.136852690573482
21688,0.13984602215269695
21689,0.1456140434106823
21690,0.13799888459312018
21692,0.1501149565678948
21693,0.12560042844173852
21694,0.050525969707780685
21695,0.1264054127809852
21696,0.12780368086747726
21697,0.1251980747906987
21698,0.2517247455259187
21699,0.1290345984749802
21705,0.15084429461733945
21709,0.1473662569326935
21710,0.17311633119267156
21711,0.25988076583371533
21714,0.13581415855789084
21715,0.16042729624915092
21716,0.1345112177523859
21719,0.22923450637320508
21721,0.15458967405139948
21723,0.1669022889605969
21727,0.26901642353156074
21728,0.12972023661878146
21729,0.1398274781420904
21730,0.052203860702199366
21731,0.16470324414430734
21732,0.0831718882453599
21733,0.13328392436499836
21734,0.14385049718201398
21736,0.1237204635126162
21737,0.14011074786347252
21738,0.15121457391953835
21739,0.17456025075966988
21741,0.14682127583313556
21742,0.16524357390638972
21745,0.21472116874644426
21746,0.047736156326767594
21747,0.13820626154324303
21750,0.12265723252650189
21751,0.11625730005540377
21754,0.14517507755820738
21756,0.15266635496415046
21757,0.13878138375966614
21758,0.14243066905959134
21760,0.12091170254902413
21765,0.14296440808035338
21767,0.12875223876910988
21768,0.13098104963309012
21769,0.16136570747085757
21770,0.12116608681794669
21771,0.12575283950760413
21772,0.17005801489792005
21773,0.14941071593954386
21774,0.1655964853536899
21775,0.14179157099708178
21780,0.14642222911527641
21781,0.17084077754152022
21782,0.15788036155921023
21790,0.14551081123023293
21791,0.14652539705409878
21792,0.1416932036616967
21793,0.2209620783668083
21794,0.11903833694543212
21796,0.0493151241262805
21798,0.16242913298021025
21799,0.12105599423690513
21800,0.13792083907603941
21802,0.13989775375694666
21803,0.13545279815033837
21804,0.163441484637131
21805,0.12054187142904971
21806,0.15944888179747038
21807,0.2334773056669465
21808,0.14722892192406725
21812,0.12503419063496518
21813,0.03067146578292033
21816,0.15276107138382636
21817,0.12667462396999388
21819,0.13944753043392044
21821,0.0496755691497731
21823,0.14933563256266794
21826,0.1370614491046363
21827,0.12157051866051402
21828,0.15332482890636673
21829,0.11714857779926306
21831,0.14298505235057718
21833,0.13554806242752898
21836,0.25118152434697966
21837,0.172776742345942
21838,0.13472084849052127
21839,0.14385901542356255
21840,0.12608380150892254
21844,0.14044194577542324
21846,0.13653130831960547
21847,0.1537634310027705
21848,0.2500101703026373
21851,0.15365029468875555
21852,0.17575178309008505
21853,0.16858215604561175
21855,0.11409592386035039
21856,0.2661612829752704
21859,0.1584564263390274
21862,0.1158186346662454
21864,0.05704091787631864
21866,0.24683312642452004
21867,0.12739723979839762
21868,0.13026822191957427
21869,0.1300999597157311
21870,0.12200531690508096
21871,0.17612576217307452
21872,0.03742171188643302
21873,0.20217500449781264
21874,0.12124128503485734
21876,0.1329365397562081
21877,0.25334185176632057
21879,0.1673517976729182
21882,0.24429766129461966
21885,0.14514267391402288
21886,0.12307501830511125
21887,0.13858422694938605
21888,0.1473050046281676
21889,0.12740625231562588
21890,0.1564751333546189
21893,0.14042344275432658
21894,0.12190127960302359
21895,0.10991954518157884
21896,0.23556659121824292
21899,0.24049939914015134
21900,0.14369696245496671
21901,0.13761300139473312
21903,0.12028599547390899
21905,0.1494678770195451
21906,0.24532418604728398
21908,0.12125991026353662
21910,0.15023975151428237
21911,0.1254980559021749
21913,0.15484052559117775
21914,0.13160799360348344
21916,0.12174667147309985
21918,0.05325455128032923
21919,0.11219115972209814
21921,0.14285571237607414
21923,0.13169960070611014
21925,0.05515322198552615
21926,0.17088906014933058
21927,0.14262774766052397
21928,0.12062922364337406
21930,0.15823072566037105
21931,0.1331951542553717
21934,0.15303651603642465
21935,0.1450433788272448
21936,0.3752391349940715
21937,0.13077111515747666
21938,0.2537700718023074
21939,0.3502502837631224
21941,0.12387494362052791
21942,0.14182261218293912
21945,0.1655379550342387
21946,0.11903236643589052
21947,0.1590565294652277
21948,0.15305968312044285
21952,0.05591211248616118
21953,0.1517304317948131
21957,0.15831352225551532
21958,0.03389588405878381
21959,0.1432247973214702
21961,0.12668288349047158
21962,0.15090595121953015
21963,0.05557115398897132
21964,0.1506905062532867
21967,0.13607114955985672
21969,0.05576419202124644
21970,0.12810973485627705
21971,0.0368765613696457
21973,0.17275341994945384
21974,0.13005247712762422
21980,0.12108198308948057
21981,0.056871397206091856
21983,0.1208665860162879
21984,0.12332054969214142
21985,0.12493222569465341
21986,0.15317766645161662
21990,0.14977866772279708
21991,0.1354240964803312
21992,0.1278371331118346
21994,0.1669359840195037
21995,0.11843885927503131
21996,0.05816320303131718
21997,0.14105275025595573
21998,0.15217538500876585
21999,0.12629730846120105
22002,0.05146997341031778
22004,0.12335516744582886
22005,0.2522150248439165
22007,0.14023126921844947
22008,0.13530517959685134
22009,0.12687240129944424
22012,0.34974928372312614
22013,0.12660702631068774
22015,0.05706789835405447
22016,0.13421482287738856
22017,0.058667940717624746
22019,0.2241472349911715
22020,0.16280219047250183
22021,0.027168624848911926
22022,0.14193445767864057
22023,0.146761528600811
22025,0.17547417456399975
22027,0.15629609803988065
22028,0.0535572766091439
22033,0.14906474691558774
22034,0.17702719511725393
22035,0.1364211654226443
22036,0.1268815397899851
22038,0.03332270042049482
22039,0.16205139462520754
22042,0.25145638273624726
22044,0.11616218770361357
22045,0.12191805830447966
22048,0.24595939432011032
22049,0.13917861729107422
22051,0.13332104238943968
22052,0.0549369194704718
22053,0.14805877434340714
22054,0.13638554122665753
22055,0.1112052773328445
22056,0.16019631964364506
22058,0.2634848749676101
22059,0.1344510615474987
22061,0.058393460071944105
22062,0.13251063088713028
22065,0.14477709151628543
22066,0.1271829061059378
22068,0.2326552962113866
22069,0.13733442053708672
22074,0.16908725182043502
22076,0.14711341382247298
22077,0.13075266389042267
22078,0.1471711371904743
22079,0.21403018926599976
22080,0.16330205448784588
22082,0.035932849299980765
22084,0.15411839272833494
22085,0.14004169597853577
22086,0.1289869146783183
22090,0.24709605978519517
22091,0.14607126081398777
22093,0.14406415116702853
22095,0.05193137591808041
22098,0.11009310658405409
22099,0.05376012976831492
22100,0.09947115134168318
22101,0.162551445378842
22102,0.40671575789247516
22103,0.11686388471609288
22106,0.15770503549905518
22107,0.14198233613108982
22111,0.14982821242531202
22112,0.2178026527074825
22116,0.054929028295599945
22121,0.22402105204537914
22123,0.05385577234179388
22124,0.05930355978324222
22125,0.12637725719493964
22126,0.15489115708354848
22127,0.11710034393055022
22130,0.12951951395143246
22131,0.17811639186919087
22132,0.061927386299912957
22134,0.25319482146792477
22135,0.1483104988747792
22136,0.2674335328746028
22137,0.16944756823920681
22141,0.1635761090980458
22143,0.13103904188450882
22146,0.14079806379876203
22147,0.12520845305604586
22148,0.2625402940568279
22149,0.1309408896605899
22151,0.14703937763526387
22152,0.1323437340373485
22153,0.12590725846227555
22154,0.1334137332356691
22156,0.1709366328779183
22158,0.10798827512037099
22159,0.16677798848123104
22160,0.14302904053363047
22161,0.13426838743386177
22163,0.08830438333510277
22164,0.2301312209905788
22166,0.15021409772812455
22167,0.05694900558741833
22168,0.24105266603010217
22169,0.17193541123107475
22172,0.15210481852763214
22175,0.145089402260718
22176,0.05677492904032888
22177,0.12038959399333993
22178,0.2833476760924774
22181,0.13728197276871285
22182,0.13047957483402609
22183,0.05183543557959104
22184,0.13837968911481877
22186,0.3587342916599086
22187,0.1609608560628601
22190,0.16931512460868156
22193,0.13693138031607857
22194,0.13944573494624324
22195,0.16283048341019665
22196,0.05049151487233601
22197,0.24879835112179646
22198,0.04972127849133399
22199,0.1710700928641089
22200,0.14492201852083605
22202,0.24558719015852093
22203,0.14795713457566273
22204,0.1287453659925189
22205,0.13052540690219067
22206,0.14200153409343427
22208,0.1377371616913523
22210,0.12290178446393776
22212,0.2408603486802277
22214,0.13090062013105702
22216,0.13552858874078622
22219,0.14922495900502386
22222,0.15491997186701773
22223,0.27061737138864406
22224,0.13382050665844453
22225,0.1413247263209906
22226,0.05547733668287769
22227,0.23300181311330542
22229,0.1280545391580675
22231,0.14008028204738063
22233,0.15524881926759962
22234,0.2703580086337306
22235,0.14555271622396448
22236,0.14057002734282428
22237,0.13711204500504115
22240,0.10292003429922662
22241,0.1716113458599212
22242,0.143245797358344
22243,0.13671192048508585
22245,0.14114880104363414
22248,0.16015318765976091
22249,0.1450711076825047
22250,0.16970316105265776
22251,0.14378561177215599
22252,0.05268685241303831
22253,0.14505518092815156
22254,0.11503213320932874
22255,0.1505454457918664
22257,0.11279650657538323
22260,0.14938791916979352
22262,0.1433117029761493
22263,0.1427863793097602
22264,0.14822369891706746
22265,0.16016320836782183
22267,0.36405475915942126
22268,0.16360957230643336
22269,0.2627971512516357
22271,0.0559539674140879
22272,0.14210915316919534
22273,0.12743981104523722
22274,0.17327861465610125
22275,0.06513657545918972
22277,0.4077903058747726
22282,0.14338098342313016
22283,0.05621264200935261
22284,0.04746871589798125
22286,0.15761660889756007
22287,0.053490233176508376
22288,0.12838022834261303
22289,0.1429765596342512
22290,0.12160615584786068
22291,0.13250636808563515
22292,0.05240998540894237
22293,0.1525663727246418
22295,0.1343024725671124
22296,0.15491295011525447
22297,0.15100713837716898
22298,0.12996363603188882
22299,0.12538221039309466
22300,0.23984150033295654
22302,0.23468709594025933
22303,0.23767019165553238
22305,0.1248246542259858
22306,0.14896454510800433
22307,0.254083169319884
22308,0.12970893205729767
22309,0.15303278441911056
22312,0.23674631133243626
22313,0.12970185676160678
22314,0.17240662055834935
22315,0.12936502934992183
22316,0.23276486232685745
22317,0.052602255732361616
22318,0.15394257073245893
22319,0.23603592244787547
22320,0.1630386022731476
22322,0.1614143458391631
22323,0.24496702790299857
22324,0.15578373480135205
22328,0.1400820677951409
22329,0.13714455183872454
22330,0.13704502727237217
22331,0.15205185198824836
22332,0.1398882223124885
22333,0.04136071124004988
22334,0.15004133511157852
22335,0.14410041228757647
22336,0.17390728653036305
22338,0.2232555453322945
22339,0.14457830626188356
22341,0.1384675398650715
22342,0.14730674180448014
22343,0.16560383953961563
22344,0.05824423070775901
22345,0.16884157285293125
22346,0.11049838835258578
22350,0.13916831644463606
22351,0.13500343041557067
22353,0.12853900763970283
22354,0.16218781740855964
22355,0.12959144512300635
22358,0.14456564693748922
22362,0.14987622116342098
22365,0.1505644736279998
22366,0.17019824360635533
22368,0.12752845510657423
22369,0.12411489957936503
22370,0.05066180712858468
22371,0.12112927881846065
22372,0.25502936110521185
22373,0.11802047380829124
22374,0.11798032553733795
22375,0.14499825046180032
22376,0.17587646468603182
22377,0.14839668136837922
22378,0.14181492184659525
22379,0.16169397740668676
22382,0.13715034143999813
22386,0.14082747070041463
22387,0.23268044222352527
22388,0.13696780830730088
22390,0.1403002424356666
22391,0.13385899099195187
22392,0.1282076663290105
22393,0.3403438930760615
22394,0.20842362243095242
22395,0.15932072766391187
22397,0.14619109346041206
22399,0.182095456733202
22401,0.13210150639220028
22402,0.16488929376148387
22403,0.13657869833707034
22405,0.2274902622962638
22406,0.1421236500872545
22407,0.17715490590775332
22408,0.14391723754197155
22409,0.051383668085762016
22410,0.12621024439493303
22411,0.2743636151786686
22413,0.1637179167156339
22415,0.1559980187883736
22416,0.14772295297332252
22419,0.17384142594655005
22422,0.1647449542935316
22424,0.14058889954797155
22425,0.2987923155841203
22426,0.13901014555776986
22427,0.16722686280398663
22428,0.1327712288495562
22429,0.17572189961802662
22430,0.11652463246286116
22431,0.13837167193541075
22432,0.12940406748709915
22433,0.053009831219727147
22436,0.11151434538732526
22437,0.11875756908482604
22438,0.1280162586161058
22439,0.12428414410909691
22440,0.1480198846345415
22441,0.12483889522736884
22442,0.1330717483479426
22443,0.14180647871136032
22444,0.13091291787851903
22446,0.04717793415004283
22447,0.14994693496747
22448,0.1455336697654243
22449,0.1322948339118643
22450,0.15378799317811387
22451,0.1475804700979325
22452,0.25345423429216296
22454,0.05212445530704084
22455,0.3995298198322653
22457,0.13732476617467845
22459,0.13118009159776345
22460,0.14186261379324794
22461,0.1408920357727785
22462,0.16763800041915072
22464,0.12429793486231074
22465,0.13852003845574629
22466,0.25054732787172046
22470,0.23724657865325227
22474,0.18607470688588332
22476,0.12136655674400428
22477,0.15146474900563786
22479,0.15431695422045583
22480,0.26724501339707873
22482,0.1335123494506045
22485,0.12113890615040353
22486,0.1653591057698658
22487,0.1308691822516581
22488,0.06053061283913269
22489,0.11619531720875928
22492,0.14714840883009997
22493,0.16713304462288434
22495,0.15021932631569873
22497,0.1600138233086395
22499,0.14715194887334077
22500,0.12569647769173145
22502,0.15345474002694598
22507,0.1385201038112016
22508,0.03254732310963178
22510,0.10805853687528895
22512,0.1483479073437841
22513,0.12535889922959176
22515,0.13281929672982387
22518,0.15300752110597965
22519,0.12791864288293175
22520,0.14771743642027896
22521,0.10033286873892593
22523,0.1631763798600555
22524,0.38637790270574823
22525,0.15866629192522494
22526,0.24772277359706057
22527,0.10827360155514365
22528,0.12668124163919217
22529,0.1151420429328979
22530,0.17919074093120008
22531,0.1422142997800504
22533,0.15087804376695904
22538,0.13230257954070349
22540,0.04801954359370702
22542,0.13583741974153293
22544,0.14869691853595737
22546,0.056586073083107404
22547,0.2559928799172726
22549,0.1343969940873044
22550,0.32834302248560304
22551,0.26501354316581793
22552,0.14708562108823073
22553,0.03024068245555167
22554,0.21952451627238698
22558,0.057870797232091084
22560,0.12135948704891683
22561,0.22550298911734662
22562,0.1676531855460765
22563,0.24137654700820538
22564,0.22360539224604542
22565,0.15224815029928251
22566,0.13659864815183348
22567,0.12734330993305853
22570,0.12521597189699774
22573,0.15799050322509672
22577,0.1598370709901798
22580,0.13917197979250662
22581,0.15885780770448818
22583,0.1939028183397044
22584,0.15019030220220403
22585,0.12039274853813853
22587,0.11037851143394921
22588,0.13574508937115426
22591,0.24840831562521332
22592,0.23378914601165074
22593,0.15143385266675358
22595,0.19819087406125174
22596,0.2705910959508653
22597,0.15261742878314727
22598,0.14825603562604114
22599,0.05284835399711054
22600,0.15356277391763076
22601,0.14719072276008488
22602,0.15989190009826587
22603,0.22956154395196188
22604,0.25855951728110393
22605,0.1350956683197086
22606,0.058976896781531576
22607,0.1319290457343006
22608,0.13638013721936498
22609,0.1195824962998473
22610,0.15723303527571628
22611,0.14857744506251866
22612,0.14696276843324807
22613,0.25039356104605703
22614,0.2559041653336176
22615,0.06087069121907196
22618,0.13106275162861902
22621,0.14642122082430314
22622,0.11483107578855267
22624,0.14714576491814918
22626,0.14956942206536677
22627,0.141606374359806
22628,0.12882562082533627
22629,0.146356475668655
22630,0.1344721577300824
22631,0.1224774443636267
22633,0.1436446813999281
22634,0.12252425970760608
22635,0.1275562203329589
22637,0.12502094109049122
22639,0.1726018192871293
22641,0.13189639853933385
22642,0.16958718589056007
22643,0.155687951848483
22644,0.38877546072999514
22646,0.12668402494973072
22647,0.249457929226319
22648,0.15074818064023385
22650,0.2447250397108094
22652,0.1199943784222461
22653,0.13150697936357966
22655,0.2897403617171233
22657,0.02914227174497184
22658,0.13808315730350054
22662,0.14849665349538682
22663,0.13509698886446866
22664,0.26086596308077553
22665,0.1659618443649206
22666,0.28284525325909937
22668,0.16481886555461406
22669,0.16137987906535753
22670,0.15860994738570294
22671,0.17075382828294433
22672,0.1124965664888193
22673,0.05798260406857453
22676,0.12485285929296693
22678,0.16875176313879403
22682,0.1391193680997077
22683,0.13369631627735745
22684,0.1325825311539422
22685,0.13105721881584992
22686,0.16870751123166788
22687,0.23020631585482126
22688,0.12928124536765412
22690,0.15229717218604805
22691,0.1380821593733484
22692,0.13607944462283852
22694,0.1487364419700344
22695,0.14253670681186872
22696,0.04939251411107053
22697,0.25997573156009296
22699,0.23060490362489477
22702,0.26483425128954047
22704,0.09470152155744058
22705,0.14303965872849495
22706,0.17869607548777883
22709,0.04940095511732443
22711,0.23711066337145023
22712,0.12464803221460137
22714,0.1475496136174544
22715,0.1455616984437509
22716,0.1316345895321286
22717,0.21751531482547276
22718,0.05264696867907287
22720,0.3673961775152851
22721,0.06177687265586462
22724,0.13600459850869676
22725,0.1351789787182202
22726,0.30813615643516656
22728,0.11831193741296293
22729,0.08800433726180136
22730,0.15356527123205116
22732,0.15864219083988057
22733,0.257819272355554
22734,0.14143617871849706
22735,0.35847751931808725
22736,0.1296242668021143
22737,0.14089870601952542
22738,0.031020025536540086
22739,0.27553569569960323
22740,0.24302970950720995
22742,0.1355765752594923
22743,0.1793553359036903
22745,0.1316802211960522
22746,0.03087372071547582
22748,0.38993715094431364
22749,0.1988203039932362
22751,0.08161286454060979
22752,0.13732910696783857
22753,0.3692333887174724
22756,0.13095068456705353
22757,0.04231494815212915
22758,0.236301704117174
22759,0.15475045625742506
22762,0.13241437184535862
22763,0.24348793113466352
22764,0.1381559112285852
22766,0.05721937823009384
22768,0.054790170762268595
22769,0.12912300208224853
22770,0.12700008390265377
22772,0.24115282475045657
22773,0.13075432322301359
22775,0.1486207380940554
22776,0.23518481783249942
22777,0.12310998368239934
22779,0.05727066389224674
22780,0.14919763306875972
22781,0.4006873192399424
22783,0.22678340500394079
22784,0.14664455360856407
22786,0.15483964085493035
22789,0.12450159885146828
22791,0.0520860907561157
22793,0.14643454531477323
22794,0.14417734631084986
22795,0.060213351815991835
22796,0.06011252451424093
22798,0.15066894142649287
22800,0.13104526891437476
22801,0.16879564594781613
22802,0.1693322693223504
22804,0.055612645198926
22808,0.12750033693681728
22810,0.35865410377827905
22811,0.13078850693470695
22812,0.04888970461702695
22813,0.13532932126989342
22814,0.13715572849571916
22816,0.11715826060928607
22818,0.12828932471281934
22820,0.24064796979595643
22821,0.05401063007496622
22823,0.15194465392872808
22824,0.14566667675500702
22825,0.13380711234685141
22826,0.2802092963591781
22828,0.13924874551854294
22829,0.25290945693976397
22830,0.17930275460974637
22831,0.16523467047776083
22832,0.1448983962586156
22833,0.05302931756183109
22836,0.14664893836210854
22839,0.11694734272117072
22840,0.0667647920826243
22841,0.13739531858096404
22842,0.1320404866182942
22845,0.23458335829192217
22846,0.12574387526709888
22847,0.15393451741215985
22848,0.14173813451456463
22851,0.12498833559325273
22853,0.1178952118614643
22855,0.14319202212469392
22859,0.14172800882226105
22860,0.3649861426056257
22861,0.12234808912742531
22862,0.2445751810211064
22864,0.1324449245155907
22865,0.03197681990244713
22870,0.14877297046975105
22871,0.13812071082883667
22873,0.13462774519976847
22874,0.15036724539428523
22875,0.13405217436379996
22876,0.14864736011644974
22877,0.36886502247611985
22878,0.12152175209258358
22879,0.3703235860405671
22880,0.1504260681715943
22882,0.14001941507488275
22883,0.2834591029184902
22884,0.13372605441427507
22886,0.034765051430339616
22887,0.12597996290663807
22888,0.13907089355053842
22889,0.16035724696347675
22890,0.221226632595168
22891,0.047824126581417305
22894,0.1498230368967146
22897,0.15708698702548557
22898,0.27493739900813613
22899,0.05283540951101986
22900,0.05049457302309934
22901,0.10437647490286203
22904,0.137077975557287
22905,0.15100634992526582
22906,0.16152779058145522
22907,0.17413836848232517
22908,0.12844383636485052
22909,0.057960982754676524
22910,0.13269814406823696
22911,0.15109720324444828
22913,0.15925919520794846
22915,0.1356682364980255
22918,0.11871316857932471
22919,0.24698806313967162
22921,0.2605541217005086
22922,0.05561783707741521
22923,0.12631767509226038
22925,0.14463087758160734
22926,0.09642803295278803
22927,0.14837210173033008
22928,0.132878504746418
22929,0.23196789199910167
22930,0.0879022456916978
22933,0.12899714397382903
22934,0.17177945317666302
22935,0.11636070315311527
22936,0.19060145293796166
22937,0.144166317689635
22938,0.15437010753769403
22940,0.13873865776880526
22941,0.4196496095755712
22943,0.1422672239855351
22945,0.11577965260907933
22946,0.12273121325964106
22947,0.23063217921324797
22948,0.2372738306505712
22949,0.2587073672093876
22950,0.1519377121158042
22951,0.1436452443110574
22952,0.14799498655329849
22953,0.15688813307991803
22954,0.14002345526769527
22955,0.35926478998500955
22957,0.3984795603981209
22958,0.13613990857117275
22959,0.12042796851133582
22961,0.14823341112338304
22962,0.11747197675675691
22963,0.12136395503693934
22964,0.1619895129858378
22965,0.1549303996128378
22966,0.1510211519458851
22967,0.15245902086118707
22968,0.3687646275582585
22969,0.12952394310309398
22970,0.12233463348829372
22971,0.1395155835078486
22972,0.3608197216139709
22973,0.1701092169269875
22974,0.24534818891156354
22976,0.14431753129518027
22977,0.14045504531229377
22978,0.13746742675924523
22980,0.13940522218633078
22981,0.09357797481663029
22983,0.1277908140992552
22986,0.1445681289777204
22988,0.1616391159873467
22989,0.36371875995983494
22990,0.1311093317059558
22992,0.13604263364025834
22993,0.030217157081284567
22995,0.13160084807290634
22996,0.08835528847379023
22997,0.05957923289278855
22998,0.13241959234983863
23002,0.1458692111526364
23003,0.126697963364398
23005,0.2451101240559057
23006,0.13566537438725979
23007,0.0978739799492289
23008,0.1495735159821467
23010,0.15085977719168564
23011,0.08248471503778208
23012,0.16540554265191523
23013,0.23701804809319554
23014,0.11024940776995629
23015,0.14363055471268393
23020,0.14451294161000822
23021,0.1530142333873621
23022,0.234322350808933
23023,0.056319274311350934
23025,0.24487690285646369
23028,0.24092275034775024
23031,0.16071022478550165
23032,0.35437867408534157
23033,0.13397724855081353
23034,0.14015354682565534
23035,0.14005275211434395
23036,0.17900205094821345
23037,0.061576372777872035
23039,0.34094575931446613
23040,0.13020140528769733
23041,0.13440468039672748
23043,0.10631645466009425
23046,0.1348772213981293
23048,0.056487577143704684
23051,0.14609562585835095
23052,0.1451619231766393
23053,0.14914628151685516
23055,0.15233291959269477
23056,0.12287513767433507
23059,0.1653563913615693
23060,0.1397784988871116
23062,0.13417449675625467
23063,0.12225621452744959
23065,0.15139744842384492
23066,0.14025017580088767
23067,0.12529871777814552
23070,0.15412228383392484
23072,0.1360622930090895
23073,0.13546086172367927
23074,0.12985869368978228
23075,0.13248471652619634
23078,0.12249121214982406
23079,0.15659701924369754
23080,0.15587274615052776
23081,0.04619074674193617
23082,0.24452684221209822
23084,0.11328767780055542
23087,0.1142992289243074
23088,0.137805475441843
23089,0.1518733571762301
23090,0.16274668052454672
23095,0.12812317738940454
23097,0.14614092597727762
23098,0.050546627960586454
23099,0.12819589312695115
23100,0.14174486017390922
23101,0.16887218733079812
23102,0.17430272597606267
23103,0.23818880257136885
23105,0.11635447416591915
23106,0.13828461928896257
23108,0.05371803302514262
23109,0.15952178676999873
23110,0.22955864513076704
23111,0.11181290576062328
23112,0.09788230718221849
23113,0.054850772831069886
23114,0.15775336949093002
23115,0.2846067530328772
23116,0.06023810057899999
23118,0.23532555157519103
23119,0.12341719191270384
23120,0.14023222470446473
23122,0.17314084324291362
23123,0.14088462880629157
23124,0.13251918589990688
23125,0.10980313158303714
23126,0.13953666786463387
23128,0.14140098368600162
23129,0.26080309560674336
23131,0.13347281885814616
23132,0.14838830539565379
23133,0.24367774131732137
23134,0.1510362528553117
23135,0.1427247247220514
23136,0.12454306301363158
23137,0.05964367702143284
23139,0.14320843228075658
23142,0.029503654515673865
23143,0.13798688826306887
23146,0.16037178036723332
23147,0.14066228477938073
23148,0.1302520226911847
23149,0.10344909747428108
23151,0.12707730323145716
23152,0.13323237587280656
23153,0.36973629680251213
23154,0.13189219736207294
23156,0.13136499020424916
23157,0.12039414262299217
23158,0.13962398846310106
23161,0.16346476163527432
23162,0.14859580749754323
23163,0.13452839507189462
23164,0.17921561738210345
23166,0.257336109881322
23167,0.1672870049019175
23168,0.1321133431943892
23169,0.14186473598820265
23170,0.12635465337568674
23171,0.13500134846620454
23172,0.04789002718780804
23173,0.2252608297169944
23174,0.12619066685590832
23176,0.15889907895941432
23177,0.12990775343456581
23178,0.12084166947563313
23179,0.1226996814743742
23180,0.14660799681942976
23181,0.3434673330998683
23182,0.15263179212190722
23183,0.13615558148000756
23184,0.11774309846886166
23185,0.15611778753790373
23186,0.12701109703185048
23187,0.24958755879827188
23188,0.15476936810880523
23191,0.14326194858969477
23192,0.1364717631992654
23193,0.1544794693325912
23194,0.12606477159770946
23196,0.11648225403329186
23197,0.1273058899014302
23198,0.1424436814645514
23199,0.06338389514432947
23201,0.25011560972388464
23202,0.15786798284128228
23203,0.14076947745587548
23204,0.052740602063179244
23205,0.15390162416171937
23206,0.13454821207362247
23207,0.053872238874014246
23209,0.14357243205387918
23211,0.15823398968841873
23212,0.057363569089692965
23214,0.13679581962260018
23215,0.1262986893087426
23216,0.15713959922134085
23218,0.25720932744466535
23219,0.1331673235921306
23220,0.1405548962646797
23221,0.046719646742020386
23222,0.1439182656673618
23224,0.15212472290912843
23225,0.13187527181898973
23227,0.12571772641394668
23228,0.1525959888576806
23229,0.25959575299669424
23230,0.13018239186024827
23231,0.3451211428865492
23233,0.1597206837688281
23234,0.1461668998203704
23236,0.1422549846385584
23238,0.13381294985998932
23239,0.08195252684012849
23240,0.13932025164973225
23241,0.1397305273017625
23242,0.3569835694897704
23245,0.1702693054873434
23246,0.12744673116325406
23248,0.14458506195790122
23249,0.24085846152603807
23250,0.14841895302305616
23251,0.1525025596874423
23254,0.15711116833623856
23255,0.1518826289692851
23257,0.380651273750866
23258,0.14665018178040728
23259,0.14181518133274462
23260,0.14485710682776592
23262,0.1516335549741556
23264,0.14687725522339004
23267,0.17506260663942763
23270,0.1567707562332795
23271,0.14844505604926755
23273,0.1618580022272707
23274,0.14002268017340852
23275,0.1400284784304892
23276,0.15718060950540114
23277,0.14581322743726638
23278,0.13497836502884614
23280,0.30312440076287894
23282,0.24570860118228383
23283,0.13753004819540282
23284,0.13863777974139332
23286,0.12709625042447786
23287,0.15532180263436418
23288,0.12524538818620923
23289,0.1508526238465731
23291,0.04817957998315601
23293,0.24702567248654977
23294,0.13901367167126583
23295,0.12879668398548363
23297,0.14322871209848684
23298,0.11867468994238675
23299,0.15827685967091012
23304,0.25227684506890274
23305,0.11350944604270988
23306,0.12858698989295375
23307,0.051068736750640685
23309,0.2230847136152959
23310,0.15961389007147814
23311,0.1642460487674147
23313,0.14436102119346012
23314,0.15936647945263943
23315,0.12871674294990232
23318,0.11271875028642626
23319,0.056017547694638826
23320,0.14185177966646204
23321,0.15043853078325198
23322,0.13847097388062762
23323,0.13849706479691556
23325,0.11856570391650609
23326,0.14946331723695208
23328,0.3737107717609008
23332,0.027776516499040328
23333,0.029878965652230638
23334,0.39839154387563996
23335,0.14003760905238033
23336,0.13269634096136107
23338,0.058331106748466456
23339,0.1401088012566964
23340,0.15426482972977448
23343,0.23653472636294684
23344,0.13966813212595258
23346,0.1373123046090146
23347,0.15735482449258678
23348,0.12260100102293162
23349,0.2547756389076862
23351,0.14878644236793254
23352,0.23657822299987755
23353,0.3732492220344944
23354,0.13015951959784042
23356,0.2889698599421943
23357,0.1424478081051616
23359,0.12746352193196317
23361,0.1500048731901253
23364,0.15753467733406884
23365,0.12247124470361488
23366,0.24100485011003198
23367,0.13244815331596357
23368,0.1554921107127821
23369,0.17533700396093269
23371,0.16926912516236534
23372,0.1196841319555225
23373,0.14882148827110797
23377,0.12337045293825659
23378,0.1358777029108803
23385,0.12755098283195848
23387,0.05852690077020861
23388,0.2112173193042181
23392,0.05729769790830437
23394,0.3476655513195732
23395,0.1546010473596702
23397,0.27659807076932763
23398,0.05603134274725395
23399,0.14627815750038606
23401,0.15313562752581106
23402,0.13593786883758496
23404,0.15010633162425893
23407,0.274452271966133
23409,0.1332314096776974
23410,0.1397633114703553
23411,0.033911905033275506
23412,0.15043788715523307
23413,0.058228349359298034
23415,0.15018278673424418
23416,0.14134746564943296
23417,0.12914093245268915
23419,0.1301255379530175
23421,0.06117801383458007
23422,0.1243280915829111
23423,0.14974395089060152
23426,0.14492186327295603
23427,0.144319706928633
23428,0.12395179000535841
23430,0.17452821096775523
23431,0.1292880992413962
23432,0.12172329954066426
23433,0.11982078075090316
23435,0.03344919363141559
23436,0.12910083355964036
23438,0.13916782439195022
23439,0.057793155072113044
23440,0.14234176608060545
23441,0.06177437468597634
23442,0.12855023298318163
23443,0.16036025333873827
23444,0.1383293552368355
23447,0.05365345250917586
23450,0.1417267742133556
23452,0.14786060973665316
23453,0.14393429868179458
23454,0.14364171692609448
23455,0.04850925561553067
23456,0.05542975082191759
23457,0.17727909470356548
23459,0.13007705039421708
23462,0.14799999591730506
23463,0.2273767973122541
23466,0.136001705347642
23468,0.15543815243044423
23469,0.15228676422785997
23470,0.1273725270481501
23471,0.2413172999050584
23472,0.2433947525658226
23473,0.1559232767168393
23474,0.23786442643482114
23476,0.14977650374834245
23477,0.1246019600379362
23478,0.1465550018632718
23479,0.24542276957791315
23480,0.1718909203021512
23481,0.1335733657136267
23482,0.13235832060084948
23483,0.2506556246619345
23484,0.1332795678222431
23486,0.11318098611952103
23487,0.1311911877426969
23488,0.14316576558033328
23489,0.11753264255238302
23490,0.26889388417425186
23492,0.13379367942427095
23493,0.030839717898171165
23494,0.2950094214498728
23495,0.3940581080552872
23496,0.1575274768462671
23497,0.15017416153607335
23498,0.09471360482103923
23499,0.11493016843851726
23500,0.13824302691791437
23501,0.03447899721889082
23504,0.17806397890815254
23505,0.1208278676589479
23506,0.12014323961563873
23507,0.23163107519487203
23508,0.1457423424654442
23509,0.12952511657322402
23514,0.1490886495615374
23515,0.052616953148149646
23516,0.05546700415827963
23517,0.29093606077037837
23519,0.2397785378095661
23520,0.1329429410654957
23521,0.1405505358504493
23523,0.12019316284858687
23524,0.14633227253037615
23525,0.1496262907165466
23526,0.1464590417173719
23528,0.14206538283805212
23529,0.12859194203812568
23530,0.13688940766605293
23531,0.15944690612226856
23532,0.046810609520804555
23533,0.03673387796112367
23534,0.046190665395645106
23535,0.13139050711073177
23538,0.10740723237232767
23540,0.05705220237951678
23542,0.04650614900531776
23544,0.1524294290220047
23550,0.23270256578756418
23551,0.22920840020051286
23552,0.20497408563858235
23553,0.12535449299780124
23554,0.1473063759214179
23556,0.14523026342684126
23557,0.1574950909857296
23560,0.14760852562358326
23561,0.09696345355630506
23564,0.14295581447598635
23565,0.16223980552845202
23566,0.1384040645321006
23568,0.26586123234805065
23569,0.028720332306983253
23571,0.1659069825792165
23572,0.053069589560423944
23573,0.13351273549444315
23574,0.1497901419012801
23575,0.12645289404422505
23576,0.176565161863745
23577,0.14645944528475463
23578,0.23598501709797576
23581,0.2656733740528256
23582,0.1337316161806397
23583,0.16409562659575805
23584,0.14512164641713077
23585,0.11405372144863515
23586,0.14324600598299603
23590,0.11008208871498244
23592,0.05451925632728124
23593,0.13368061197043296
23596,0.16359681155844807
23598,0.14232734124685434
23599,0.1217547917730466
23602,0.14414716981070408
23603,0.2526153680119861
23604,0.24149210660273024
23606,0.1283804559510559
23607,0.1277276964113178
23608,0.10232668753395882
23609,0.25890380857897777
23610,0.17045138754337688
23611,0.07671585968348862
23612,0.06013568694110605
23614,0.05582266143794139
23615,0.1384967399128296
23616,0.1323917391469363
23618,0.15618944915247046
23619,0.1403766215078022
23621,0.13878323600009773
23622,0.1327539849055079
23625,0.14089194103109692
23626,0.13679083115536844
23629,0.14009485367599292
23632,0.1457167809061271
23633,0.1410815998563459
23634,0.1318026750466871
23636,0.127915706984545
23642,0.14139232054079245
23643,0.13988562486011208
23645,0.12922218795524038
23646,0.14705199497352486
23647,0.11785887635086836
23649,0.2569357227788303
23651,0.13077633514186782
23652,0.14340342221437705
23653,0.11291796304761889
23654,0.3743315033664223
23655,0.13848068381126136
23656,0.15466733363129548
23659,0.151172929498039
23661,0.0586109896964087
23662,0.14408911256373244
23663,0.1643895565376496
23664,0.17115929802009958
23665,0.14026171765667733
23666,0.1620996926414185
23667,0.14285543398170114
23668,0.05271023607650559
23669,0.15368440633515162
23670,0.1247387428490607
23671,0.1484095811446758
23673,0.12044288160079326
23674,0.1256870723295631
23675,0.13789254323588038
23676,0.24361640400991008
23679,0.21444722479699677
23680,0.1370350201554259
23681,0.14616518310316254
23684,0.36717390598951866
23686,0.15359845259473523
23687,0.10827062747604248
23688,0.02978338507023013
23689,0.1678472876481044
23692,0.3903383636733343
23693,0.13969183643212557
23694,0.1591609860017053
23696,0.11635960057547694
23697,0.13964573587190993
23698,0.14484374087151158
23700,0.09691097780345703
23701,0.1523454741887583
23703,0.18958887575717212
23704,0.08833788219506264
23706,0.05517591285804692
23707,0.13298113383565177
23711,0.13672772383578427
23713,0.35675503836508404
23714,0.13240438430174667
23716,0.1117629484880959
23719,0.148403711352393
23721,0.13801510236059902
23722,0.12721775648296973
23723,0.1593571092431016
23724,0.13863436471647325
23726,0.05032319042456079
23728,0.11634071632724167
23729,0.2562619183579968
23730,0.4085238818822754
23731,0.1221950651112268
23733,0.13187056327946073
23735,0.14286125463570074
23736,0.08081275790534313
23737,0.09077517629088606
23738,0.2487571417970782
23740,0.1492339806022161
23742,0.14805815627507607
23743,0.25713535697110484
23744,0.10214687029132849
23745,0.2629265238743014
23748,0.1492392129550702
23749,0.36188192875916403
23751,0.23942591087950263
23752,0.27932293924947743
23753,0.13701274659723256
23754,0.14489037742233982
23755,0.08462421745679502
23756,0.12985419525604075
23758,0.12072235820410224
23759,0.26427224907198077
23760,0.14456055119976088
23761,0.3063558129508294
23763,0.05872321190582959
23764,0.26084599233519784
23765,0.12961775009577256
23767,0.11451212611417191
23768,0.1471846658116309
23769,0.13088098702273496
23771,0.14454775799646377
23772,0.12578007213204317
23773,0.05488191071329004
23774,0.2769237858352207
23775,0.049703098387818744
23776,0.06069594800132934
23777,0.028804237119156407
23779,0.12017615511292554
23780,0.061542462890406345
23782,0.11057921497819438
23783,0.12628305034961523
23785,0.23569058165015888
23788,0.12766605368928996
23790,0.16915346241513668
23791,0.13298081321732708
23793,0.16568624342458457
23794,0.17850592377325086
23795,0.12838174844253805
23796,0.1302942851619907
23797,0.13451000342920802
23798,0.021501000507979134
23799,0.10864205439998723
23800,0.23100770123369374
23801,0.1321914316757687
23803,0.13414363119659195
23804,0.05693341563596384
23806,0.13034473710450856
23807,0.1500681736044912
23808,0.04988068987294164
23809,0.13430129532119153
23810,0.2301630513644028
23815,0.16236792522823063
23816,0.16252448964425503
23818,0.11831981605611075
23819,0.3807668775401407
23821,0.14619897475373972
23823,0.14325980816749398
23824,0.14024430391661086
23825,0.15852692506648627
23829,0.1378584802221157
23830,0.1492742221475437
23831,0.032897087615830746
23832,0.12532933580423564
23833,0.280258773217915
23835,0.13464221819985556
23836,0.12688709272292342
23837,0.14152888234780128
23839,0.05438740837863794
23843,0.22200311527780509
23844,0.14060271424938026
23846,0.14907863397570897
23847,0.1302905830390469
23848,0.13420918878257249
23852,0.16894811608289023
23853,0.127615471241234
23854,0.12854399526086252
23856,0.1229597134580308
23858,0.1407435935148659
23859,0.39757555399048916
23861,0.1522358700198161
23863,0.14858196430661502
23864,0.1425555969905678
23865,0.13455384741635762
23866,0.13694206943912082
23867,0.1154467969462885
23868,0.15499424334312167
23869,0.0311667748802593
23872,0.1488233739516229
23875,0.12055374141027712
23876,0.13719405458701978
23878,0.13755706575248133
23879,0.12396678861606972
23880,0.2579232266131158
23881,0.14095695771621503
23883,0.16437609363422884
23884,0.1277524036754134
23885,0.16505947957279354
23889,0.22184084328021075
23890,0.1282874398041191
23891,0.13088104956932628
23892,0.14700084879285438
23893,0.1931054933042226
23894,0.1485723421458169
23895,0.11588369192881642
23896,0.11470373921011753
23897,0.15193782320333588
23898,0.14977215565722743
23899,0.05853593681884378
23900,0.08361097905293016
23901,0.15476511634467366
23904,0.16170043930853326
23906,0.27415432969354203
23908,0.15332226719502498
23909,0.1536802902695406
23910,0.24078647600285227
23911,0.1643818907465263
23912,0.1548795491066995
23913,0.14829365716569134
23914,0.25027107996493064
23915,0.13028089580585206
23916,0.1340966176246065
23917,0.14842413048830455
23918,0.08852405682822571
23919,0.25617413345649315
23920,0.13293631972049397
23921,0.1330062238557475
23922,0.23125689395908627
23923,0.23742193254808433
23924,0.1486993427088277
23926,0.13549012617286776
23928,0.2512137845824863
23929,0.2294894804318349
23930,0.13658310626857598
23931,0.05002455658763401
23932,0.11924232873138849
23933,0.1362379673963009
23935,0.1487555870155243
23936,0.12597670281436738
23937,0.12142027856899454
23938,0.28935283367494724
23939,0.14361629075320734
23940,0.35604682342004734
23941,0.12865739701009563
23942,0.1559965220514216
23943,0.03379838833212681
23945,0.14462957942298732
23946,0.11418047951726165
23947,0.13911219889318144
23948,0.36976755947485707
23949,0.17994368522738396
23950,0.12451840590656627
23951,0.13072756492564738
23953,0.16178104521818865
23955,0.05515949029901519
23956,0.14749272298614172
23957,0.2517399196328145
23958,0.13255147211020885
23959,0.3794350982939211
23960,0.13002787536439714
23961,0.1374220296147409
23962,0.11171010910158133
23963,0.14088636880981836
23965,0.13378970234779528
23966,0.029938577665404864
23967,0.15920549860467612
23968,0.11665192113193405
23969,0.11812094772836515
23970,0.2651480775667078
23971,0.12322996215640585
23972,0.25632159425108514
23973,0.1441986456359759
23974,0.1712502875014969
23975,0.05337521649941197
23977,0.11823327254180396
23978,0.1229807099862521
23979,0.10572752301949406
23980,0.13379182911098958
23981,0.12339469876690179
23982,0.15107875802130727
23983,0.0485544835759945
23984,0.04872586817964628
23985,0.15125561679168903
23987,0.2940190370396081
23989,0.13051774783106546
23990,0.28300416879878576
23991,0.24537844527463845
23992,0.132221580698541
23993,0.14494216870835863
23994,0.13078733879183693
23995,0.27441952298321104
23996,0.23655326641393212
23998,0.1479076679765654
23999,0.08073705323727184
24000,0.1326478902545056
24001,0.2029590788969708
24002,0.16851732190844962
24003,0.12030941969395595
24004,0.054422545157397396
24005,0.14948639352780793
24006,0.13440839597378457
24007,0.12662720608138883
24008,0.13641552192441544
24010,0.1514687770358027
24012,0.12284030070230971
24014,0.23748449860923113
24015,0.3344821861831055
24016,0.36852543097238233
24018,0.1106308729111967
24019,0.14098318917481328
24020,0.24252121419121103
24021,0.12677899399835285
24022,0.23448515214845433
24024,0.15738064052821615
24026,0.17542253772820765
24028,0.12385007526587632
24029,0.14258844076779367
24030,0.15957217166872278
24031,0.16464348036504445
24033,0.04865426896792269
24034,0.39799151678285494
24035,0.2639896658091218
24036,0.13769534988135218
24038,0.13907085396174299
24039,0.1627588297964962
24040,0.04975740193179371
24041,0.12907974195367147
24043,0.2560395239642442
24045,0.2586013925620385
24046,0.15365293975672517
24047,0.14777742516502715
24048,0.25177869641194667
24049,0.2353212844991152
24050,0.40292971914192827
24053,0.024346880360429674
24054,0.028949334761145425
24055,0.1430589172258783
24057,0.1449999585736853
24059,0.1418909044850721
24060,0.140777675653955
24061,0.13908123598409214
24062,0.1449535993827591
24063,0.17976268254103198
24064,0.3785528338078789
24065,0.24514281878913038
24066,0.11976562080672444
24067,0.052955499259704907
24068,0.1607344055597763
24070,0.18877125786696697
24071,0.1226242993985214
24072,0.23898431704176396
24073,0.055455974147964895
24076,0.12656273527328255
24077,0.13203837471446753
24078,0.12963736809411058
24079,0.12315763661875959
24080,0.12743683175648143
24081,0.15303233304526725
24082,0.05439190142346352
24083,0.09707015969243907
24085,0.1447164194767166
24086,0.1250517273274611
24087,0.1446343165484507
24088,0.1507072584618406
24089,0.1353949590886938
24090,0.4139367387433913
24092,0.132339058808932
24093,0.1503692124366497
24094,0.050399988509117546
24096,0.1347436152964343
24097,0.1573106586703652
24098,0.14878202442052213
24099,0.13287309018622076
24100,0.1477145354123525
24101,0.13951791919550469
24102,0.251003727834424
24103,0.13492777049939725
24104,0.12114221704331771
24105,0.13670315856112378
24106,0.1476581787692976
24107,0.15268962317222448
24108,0.12162146113445882
24109,0.15897569754249613
24110,0.05013986477271547
24111,0.1403812565992295
24112,0.13462042858350887
24113,0.0659054354256329
24114,0.13234691654659841
24115,0.15511102512805114
24116,0.05520376527530084
24117,0.1601398801723645
24118,0.1206780039033419
24119,0.35810203736468016
24120,0.11476033744427236
24122,0.052548886142899806
24123,0.14488495698516618
24124,0.1302226567759542
24126,0.15696691032792626
24127,0.275261584210131
24128,0.3510721464670092
24129,0.12893259502668847
24130,0.13666441141555943
24131,0.03008271238779729
24132,0.358051522080021
24133,0.051442042995778856
24135,0.14872685154347948
24136,0.12183787724724204
24137,0.13992238540608865
24138,0.249623328997672
24139,0.13932925441154262
24140,0.13606681269718704
24141,0.058110260177049254
24143,0.13027487240565389
24144,0.11611962391575903
24145,0.15634805176817873
24146,0.05620735456804314
24147,0.16724425278918167
24148,0.2142472218310309
24149,0.13011920713086766
24150,0.15101494242635455
24151,0.138403113378231
24152,0.16900896422623352
24153,0.13318347538549327
24154,0.146227676252811
24155,0.12944136755088928
24156,0.13917511093702856
24157,0.14371424879650588
24158,0.2381187474493273
24159,0.2547937972535491
24160,0.2193438806815776
24161,0.12660491611887123
24162,0.05569953175696844
24163,0.1440164886991014
24166,0.3930193703353626
24167,0.13808415924374168
24168,0.2546268971240046
24169,0.17191336218830344
24172,0.14739436898633512
24173,0.1339026632889501
24174,0.058207271396409556
24177,0.05381629493139066
24178,0.39199565372448086
24180,0.3561095138127067
24181,0.15615216875539045
24182,0.14293332353968688
24183,0.14845812633700248
24184,0.1608781154160363
24185,0.05302421748353005
24187,0.15209391923618104
24189,0.1610142701550241
24190,0.37798861409011747
24191,0.16211923464387332
24193,0.05203196529761374
24195,0.25604528648645386
24196,0.14180239992337995
24198,0.14480888461905997
24200,0.3823545811200103
24201,0.14744655339242382
24203,0.14279502181362752
24204,0.16551970947232225
24206,0.139125670235998
24207,0.2518860873386285
24208,0.13790854440248462
24209,0.12145049692498866
24210,0.12347954999464417
24212,0.13763628206485476
24213,0.172682543684433
24214,0.16103057942206384
24215,0.18002203453195592
24216,0.20578621617388332
24219,0.12388047339361159
24220,0.14550966136542387
24223,0.2435502025316462
24224,0.13640989837966527
24225,0.13259363229543664
24226,0.25199578949157914
24227,0.13317957113263731
24228,0.11284088705630706
24229,0.14216619862024485
24230,0.12528658937623205
24231,0.24239619573832064
24232,0.054647024755762885
24233,0.11685321353835854
24234,0.14648158331834626
24235,0.07748486270255557
24236,0.35085329609332677
24237,0.13636281344767529
24239,0.13361937643530813
24241,0.1287937877014646
24242,0.06636458722192516
24244,0.13436797818830012
24245,0.27898950359665464
24246,0.15432111011978594
24248,0.1479272876249119
24249,0.13169796847109114
24250,0.21823892554446395
24251,0.1264600663255056
24252,0.13129059559428896
24253,0.12560818657499256
24255,0.30203208357004124
24257,0.12730041588060742
24259,0.13276966473298252
24260,0.13079824412652016
24261,0.1426900495428581
24263,0.12853206145309393
24264,0.12525416438006892
24265,0.13683827754302455
24266,0.14201228178776665
24267,0.134350374524665
24268,0.35651006259588175
24270,0.1563721858782544
24271,0.15681029859816126
24272,0.05657468048908111
24274,0.2514188531129314
24275,0.13079419493198738
24277,0.17430683353738222
24278,0.05425878344651504
24280,0.13531426973989782
24281,0.1437058880841679
24283,0.1355650624561212
24286,0.16002523046986475
24287,0.13786044841655407
24288,0.1457964268210684
24289,0.12662315405413258
24291,0.12587675338601406
24292,0.18848773584108428
24293,0.031059885682453835
24295,0.11411690666504097
24296,0.1319738187357608
24297,0.24371903090884536
24298,0.15688830409598112
24299,0.17524684970231533
24300,0.1409377684616672
24301,0.14002296031673775
24302,0.13656600124344268
24303,0.38013653971147054
24304,0.252237636303703
24305,0.14502458603124418
24306,0.15446129385574942
24307,0.13400938367326742
24308,0.1692705399601012
24309,0.04650759432164338
24310,0.14284067211023954
24311,0.1376067259174624
24312,0.12946645587901268
24313,0.13006492933612313
24314,0.13381571215061092
24315,0.13391850478615483
24316,0.12513878081321933
24318,0.05599443816449854
24319,0.2508121939999545
24320,0.13565892561737036
24321,0.13261731781331618
24322,0.2776479717355888
24323,0.2776520516644718
24324,0.14802571314380866
24325,0.3857959785965472
24327,0.140509089814569
24329,0.29006329144331994
24330,0.15540284064225968
24331,0.15109214596861814
24332,0.14040638946625528
24333,0.3697676829492706
24334,0.12372075280369284
24335,0.23165923899248564
24338,0.15359003084255582
24339,0.0537442294830897
24340,0.14289752035293254
24343,0.3876016904307505
24344,0.04421972321299713
24345,0.14158689062024626
24346,0.1415635323216103
24348,0.2607592668099254
24349,0.14133970406868507
24351,0.14098241760192515
24352,0.26952046077970754
24353,0.1174865910266899
24354,0.3710776104679505
24355,0.15616808227452292
24356,0.14816462223338633
24357,0.1344497516657813
24358,0.2413891155170326
24359,0.12196824906808564
24361,0.15075286267417384
24362,0.12886236877769613
24363,0.06241628158253156
24364,0.12612000766033196
24365,0.26103366645289
24367,0.14375423545726226
24368,0.027554304216641234
24369,0.11125361330709801
24372,0.1375802198402099
24373,0.12129992728651537
24374,0.12774805700759348
24375,0.14655054949882473
24377,0.24350017949873531
24378,0.11756889622879671
24379,0.3522588930994456
24380,0.12784977871890418
24381,0.15155255027233178
24382,0.13640768269994513
24383,0.14328014440560455
24384,0.058582482136929646
24385,0.12541163863916222
24386,0.06293066775937406
24387,0.14658447021380255
24388,0.1301079673695688
24389,0.12367474219544952
24390,0.0567926392265853
24392,0.12948436682225362
24394,0.15371728601998452
24395,0.25065028817837576
24396,0.37464545895731527
24398,0.1625172348768723
24399,0.04769004793491618
24400,0.051101627964785214
24401,0.12038500987191066
24402,0.13506174228002488
24403,0.14053143390441608
24404,0.1426656842983233
24405,0.1705741978071869
24406,0.2273988491366175
24407,0.14159579591209986
24408,0.1387673204471813
24409,0.15528236155190517
24410,0.05093561550088797
24411,0.08651231167453391
24412,0.0510568285569617
24413,0.05720109518116388
24414,0.13433273611657492
24416,0.26821136483985836
24417,0.1532382983261101
24419,0.1348766641959966
24420,0.12924189138908893
24421,0.061379707202432
24422,0.12335821791342819
24425,0.2906211584092924
24426,0.057221280806708685
24427,0.22714308929397795
24429,0.15719976050623416
24432,0.12899296462971427
24433,0.12645437489753797
24434,0.13363820814712085
24435,0.36349577042064246
24436,0.14098018561096243
24437,0.12629326474240915
24439,0.13825940501629708
24440,0.1332388511253893
24441,0.1468202524899776
24442,0.1819716032177595
24443,0.12186002098040842
24444,0.13434578813899342
24445,0.14654997893837213
24446,0.1297314377799335
24447,0.24862267051640075
24449,0.13912333814191966
24450,0.11959447965513004
24451,0.15433749928313065
24452,0.14129221232193673
24453,0.14772057441916128
24454,0.05113034882320642
24456,0.16693089128390654
24457,0.13229940316708835
24458,0.1373986631300212
24459,0.05077670999621212
24460,0.12459935923359503
24461,0.16127188384271024
24462,0.14372245741454118
24464,0.16013158711915698
24465,0.059670925959293866
24466,0.1362657774969525
24467,0.13584698242601354
24468,0.14717708030998272
24469,0.15020084840678263
24474,0.14291962697635197
24475,0.057275853703589806
24476,0.15785370553376774
24477,0.16794163907505633
24478,0.2562645761667566
24480,0.16516195462066952
24481,0.12541295430825197
24483,0.1269952754239085
24484,0.12999279011731263
24485,0.1615780081596641
24486,0.28301206880248564
24487,0.12018448071379102
24488,0.1408565941028364
24489,0.13816798909506736
24491,0.13106525880160483
24492,0.2166101897041194
24494,0.04973365525526708
24496,0.1458773490980074
24497,0.16729074927398604
24499,0.13349966445432365
24501,0.1276573607131478
24502,0.2652510944387367
24503,0.3619091068040799
24504,0.2850654027202158
24505,0.23151695530420166
24506,0.1593410824388357
24507,0.1426792188511496
24508,0.10474817338598441
24509,0.12639136436753495
24510,0.14729117082386822
24511,0.23487605179589693
24512,0.056787350505370184
24513,0.1534228482229893
24514,0.14284729975600557
24515,0.14214343784033281
24517,0.258553937903404
24518,0.0561096651445976
24520,0.05540111588354522
24521,0.06169646314199194
24523,0.14486131088549198
24524,0.05262550059117481
24526,0.13207099750652135
24527,0.12819750235114818
24528,0.1354223487800446
24530,0.12496000238759944
24531,0.17820647484640223
24532,0.26288465986317056
24533,0.1668140387076026
24534,0.15536714494425827
24535,0.24809505259580913
24536,0.14668139381212983
24538,0.14614379816500686
24539,0.13629710901326786
24540,0.2896510519991787
24541,0.1439111989574665
24543,0.16561096202144696
24544,0.1381535153751868
24546,0.14106755553578226
24547,0.21711659867512784
24548,0.12563871839346624
24549,0.14432388996728723
24550,0.3693883404842376
24551,0.1342138476213965
24552,0.1617285837865993
24554,0.2639966844729459
24555,0.2526586983804324
24556,0.12242187112597394
24558,0.23630937735841107
24559,0.38732949387940546
24560,0.13092059322137267
24561,0.1279850631885852
24562,0.24413356956651552
24563,0.18243975541367816
24564,0.14853622761035637
24567,0.14301895884215177
24568,0.13025077611887376
24569,0.18145265817309944
24570,0.17830327147335176
24571,0.13245446703711802
24572,0.3645911877005378
24573,0.24354547848085661
24575,0.292220412175254
24576,0.1346396714155337
24577,0.1529552592276911
24578,0.28657078356742116
24579,0.11652181268462154
24581,0.12785726565928973
24582,0.1352963443139535
24583,0.1342941680043306
24587,0.13239023829992275
24588,0.15214833740740513
24589,0.1709603357279982
24591,0.13612265158735137
24592,0.05855475910711629
24593,0.13673465573372412
24594,0.1493983068217357
24595,0.27246981996578057
24596,0.13146467852903704
24597,0.1262232075842521
24599,0.11965525450837702
24600,0.14069948011270444
24601,0.12689853855287642
24603,0.3689820983997129
24604,0.15061197704121027
24605,0.132936474233114
24608,0.13186796560028233
24609,0.16116291648126557
24610,0.11981227187730381
24613,0.15483595934361913
24614,0.14411381744817933
24615,0.11421627081166001
24616,0.05779818495399822
24618,0.24811563524254146
24619,0.13859153314256945
24620,0.15468504485618012
24621,0.10902402565918405
24622,0.1380478360090197
24623,0.14700677325693218
24624,0.1760440072496925
24625,0.1626494732048228
24628,0.1398310044134305
24629,0.1435383241175417
24630,0.22272565458301039
24631,0.2622159681232471
24632,0.2564505207408595
24633,0.1303897868765189
24634,0.17931214499258732
24635,0.1548500917453862
24636,0.14585865102725243
24637,0.24643146214659314
24638,0.0501224563802757
24639,0.13536899581359357
24640,0.15898318549760657
24641,0.10885184861682387
24642,0.04907149970284613
24643,0.1267934350262307
24644,0.13134444921925242
24645,0.1280677669576253
24646,0.14625472434532807
24647,0.12273983213022151
24648,0.24098578109855634
24649,0.14668646176632222
24650,0.11511458571171047
24651,0.12305036156578271
24652,0.09711531339091078
24653,0.38653307477670046
24654,0.24084401295891347
24655,0.17173357226283203
24656,0.1466407878405162
24657,0.14406767736414614
24658,0.04847473793244194
24659,0.1282135996104175
24660,0.15681991052253652
24661,0.35042158853774763
24662,0.13367735276257145
24663,0.27647953045620854
24664,0.13270203167741262
24665,0.1333233277158572
24666,0.14130395432571263
24667,0.1330297134803856
24668,0.15372941435694185
24669,0.1309434706343106
24670,0.39303012073307564
24671,0.13868423208983965
24672,0.411665217560009
24673,0.13739264822680355
24674,0.12453838790068701
24675,0.13943559300766517
24676,0.11839235058703798
24677,0.30039620432445274
24678,0.11117472869919576
24679,0.13928958749769077
24680,0.12789395144949425
24681,0.13343921274333337
24682,0.12514875928703645
24683,0.15896112413155677
24684,0.28005167776585405
24685,0.13159453303857888
24686,0.16276337616182093
24687,0.15289037618971296
24688,0.12665571494357414
24689,0.11631476988088171
24690,0.14810882783075013
24691,0.1410386568976229
24692,0.11929019070010341
24693,0.1499799696225414
24694,0.14309259454660267
24695,0.22611119437495253
24696,0.13397379372020154
24697,0.1402239051604078
24698,0.14304250775956293
24699,0.11608538823861521
24700,0.050386201632532025
24701,0.14655901733628648
24702,0.3773409473988379
24703,0.13534932690190823
24704,0.13686037696759443
24705,0.22486012093808094
24706,0.16309988750587312
24707,0.11765796782504037
24708,0.13615193962732858
24709,0.13022132722076063
24710,0.13740321950249007
24711,0.15038776488482597
24712,0.14523455788826456
24713,0.13292102759628768
24714,0.3679404636921506
24715,0.05215012067549134
24716,0.04890747898221577
24717,0.15354014340375616
24718,0.1480516568234958
24719,0.12633667178538344
24720,0.22140183499804675
24721,0.16037005433155946
24722,0.1590886300328615
24723,0.1304963094139722
24724,0.08647522837239363
24725,0.385727335233945
24726,0.15262492567608416
24727,0.1380345466485303
24728,0.11542019220989534
24729,0.13952914090301619
24730,0.14538785170292937
24731,0.1293276368613435
24732,0.3677661531269301
24733,0.12417609059017906
24734,0.14939448422257068
24735,0.12691994866777212
24736,0.3881142941747588
24737,0.36798561820236253
24738,0.2286548424327494
24739,0.18168947375224012
24740,0.13569034082031423
24741,0.167433927265466
24742,0.1418325588207621
24743,0.05891373785260232
24744,0.14442090476378694
24745,0.12719900233197207
24746,0.1652700873605718
24747,0.12549922784212467
24748,0.1551612082174711
24749,0.18698923201087575
24750,0.04859260538602667
24751,0.12296348892635948
24752,0.1371727310720241
24753,0.13701998388074224
24754,0.2834444014357764
24755,0.37265566682482637
24756,0.1654140628972127
24757,0.2550458235716263
24758,0.0609849261248107
24759,0.14572427159659834
24760,0.1338270434090852
24761,0.152250803639755
24762,0.1291321493718611
24763,0.05030499186200371
24764,0.13575678946181063
24765,0.10431171963706101
24766,0.1425360178173603
24767,0.1410004772370174
24768,0.15246431871251281
24769,0.1381000686683402
24770,0.15425478640576099
24771,0.1505322160038028
24772,0.16710083894260624
24773,0.08541205964052578
24774,0.17424106353663413
24775,0.24237301875875367
24776,0.15203169425344681
24777,0.1125211843932864
24778,0.13851460218597628
24779,0.12520416729713874
24780,0.1630327042360618
24781,0.13579263009509385
24782,0.05740122418125487
24783,0.12599470889464984
24784,0.3245631143413003
24785,0.13399834284878984
24786,0.1283079972840778
24787,0.11953091592872907
24788,0.3593597512233633
24789,0.1316659873117481
24790,0.1698458704194039
24791,0.14693670018707242
24792,0.16623934303488316
24793,0.14350503286574376
24794,0.23753553862392116
24795,0.35482768782160745
24796,0.1137189023565717
24797,0.13799402814667452
24798,0.1257918658500144
24799,0.1417779828680196
24800,0.3548724600407499
24801,0.3809019289589955
24802,0.37376283548983413
24803,0.12583853239448273
24804,0.12277659471628959
24805,0.14512799250822248
24806,0.1396173879065624
24807,0.1318140376969228
24808,0.13724135362324316
24809,0.2543823864577078
24810,0.3533050300416592
24811,0.38734893360121453
24812,0.13193862768930864
24813,0.12725354610649686
24814,0.13748406366724195
24815,0.15152237610855784
24816,0.1364758518596631
24817,0.13549014454953842
24818,0.11750778837411195
24819,0.13095546305491518
24820,0.03748613146490126
24821,0.3881658306027419
24822,0.13174107471614174
24823,0.27577102514705915
24824,0.14936818569183702
24825,0.21414103471687368
24826,0.13090617254076975
24827,0.2678186916556099
24828,0.16413294075277374
24829,0.12839279040368384
24830,0.13891699580989944
24831,0.16410915554430733
24832,0.12075753709508505
24833,0.13037074305365992
24834,0.13798717669382835
24835,0.1256965725455565
24836,0.15116749490969433
24837,0.2632722750117139
24838,0.13781551619290996
24839,0.3692820453338735
24840,0.1399347441174089
24841,0.14576715773322546
24842,0.02946855112097683
24843,0.13136780521360378
24844,0.13054702670045945
24845,0.05949221499652019
24846,0.13649906431466452
24847,0.30241818215485533
24848,0.14884374559895944
24849,0.16600157980837807
24850,0.12678094510689192
24851,0.15407107015709243
24852,0.1297907430374233
24853,0.12849607501321056
24854,0.14579795810470766
24855,0.05798332578002434
24856,0.12694478930361278
24857,0.388235213888545
24858,0.05310257330790703
24859,0.38611053303682613
24860,0.3496499879713605
24861,0.140472795493258
24862,0.1675737257365805
24863,0.22981204390095877
24864,0.40122707765322296
24865,0.03409591919365525
24866,0.1431369570745237
24867,0.24133739667526327
24868,0.12916092108946353
24869,0.15124352840534208
24870,0.1430282980313548
24871,0.1364240690784765
24872,0.1368780701499449
24873,0.1703049140424709
24874,0.13770398607795142
24875,0.2504012494359661
24876,0.15261474003691342
24877,0.14527157714888467
24878,0.35624796700991124
24879,0.12703256572761473
24880,0.055489252491439066
24881,0.15738534288314368
24882,0.12837484088210446
24883,0.2386636961664787
24884,0.16708888350759987
24885,0.15219481435266968
24886,0.15777859554312662
24887,0.12145847635343547
24888,0.12141856451787256
24889,0.1290744447576992
24890,0.36194128208459386
24891,0.1376246591774846
24892,0.267506782026922
24893,0.05870655966417494
24894,0.1637485537771846
24895,0.11525315150848936
24896,0.16001673277439107
24897,0.059972497315807415
24898,0.34160423655413624
24899,0.16178718632332992
24900,0.057348855285602095
24901,0.24093385599777828
24902,0.12087405343489954
24903,0.15813514570216897
24904,0.054151786734405793
24905,0.15525600835480788
24906,0.09084919695158442
24907,0.14071430941556815
24908,0.24265914238574965
24909,0.12919662524962225
24910,0.1394362785801643
24911,0.16205612214156304
24912,0.06054635869549234
24913,0.14224183597897366
24914,0.058383505872881616
24915,0.14201739652680664
24916,0.04956944971252817
24917,0.15242406164716157
24918,0.08210987205243259
24919,0.16949093005013968
24920,0.1302277591698267
24921,0.1309194932906052
24922,0.12077791901332131
24923,0.25232366063990763
24924,0.2195991060158901
24925,0.14549171923848228
24926,0.037531683078909056
24927,0.2672791278825116
24928,0.1573165937009005
24929,0.3609776323296685
24930,0.2429536106308834
24931,0.35795472407560386
24932,0.14569514695092645
24933,0.1721456185465164
24934,0.14340794347632263
24935,0.14209651397193604
24936,0.3816900023276988
24937,0.1602316400238319
24938,0.13527330709866853
24939,0.2439440225841681
24940,0.16103662552493925
24941,0.1503539859632083
24942,0.18037542043562055
24943,0.05158836036914497
24944,0.2602644787984304
24945,0.39796654120122965
24946,0.24469118476018786
24947,0.37985462133401077
24948,0.12816030010344787
24949,0.11343388931458856
24950,0.11247548973892252
24951,0.3599490530780153
24952,0.06453628160085262
24953,0.16972708814854293
24954,0.164487499060797
24955,0.13135602544860214
24956,0.15711617189014535
24957,0.1461098565752165
24958,0.051494549126558
24959,0.1237409659822779
24960,0.14737159105299502
24961,0.1305932458124568
24962,0.3722931315124146
24963,0.16331042290328698
24964,0.13339885600576534
24965,0.15367040863313858
24966,0.13696184348443044
24967,0.04637036217323525
24968,0.34537118368692815
24969,0.13753017612857107
24970,0.2393480085766452
24971,0.15484039014792544
24972,0.08342904179968617
24973,0.1339948412402723
24974,0.3517504426241314
24975,0.12388131858619453
24976,0.25250832778068144
24977,0.13347815842432528
24978,0.141748353138315
24979,0.13933057310940533
24980,0.052549067871138624
24981,0.14680544049031746
24982,0.2624836673098736
24983,0.1521711388704246
24984,0.13955832679573488
24985,0.1404877582581074
24986,0.11866349886503458
24987,0.16693518987437478
24988,0.15186537021965016
24989,0.2434066345672424
24990,0.1647001043738056
24991,0.241887704300818
24992,0.23533695565387397
24993,0.24473824831946778
24994,0.1286396498581523
24995,0.13436861182184084
24996,0.05232226466242189
24997,0.1262214044149309
24998,0.1569299826414223
24999,0.1465961657729881
25000,0.14228947344579893
25001,0.13481334942531348
25002,0.13878624731346617
25003,0.14677784132217472
25004,0.17333896548730093
25005,0.11928103609195946
25006,0.15562288796567642
25007,0.04824158808481231
25008,0.14930670924884998
25009,0.14703016675869848
25010,0.13129948679521805
25011,0.1443931694916978
25012,0.05305684011305954
25013,0.16074468883873613
25014,0.13926052900519562
25015,0.14157997609693626
25016,0.25603939711610524
25017,0.36662590219887853
25018,0.140466143271167
25019,0.13017468053517262
25020,0.23903040288980346
25021,0.1443012773963208
25022,0.13832818696304344
25023,0.14422040482702955
25024,0.1606931391793057
25025,0.15402266746827326
25026,0.3939353734463474
25027,0.1415793136555967
25028,0.035190123296313665
25029,0.15706406227364372
25030,0.14231099822883403
25031,0.3972163752513511
25032,0.05915173113735865
25033,0.12019635649895857
25034,0.2284494511812986
25035,0.13390562298668174
25036,0.13213121778128742
25037,0.39990817656682026
25038,0.14080535547728878
25039,0.35666672022838475
25040,0.10186075393212538
25041,0.26861503986408464
25042,0.1676381128631594
25043,0.14373934838206517
25044,0.1545200776560332
25045,0.14091018633025704
25046,0.35816387671096317
25047,0.05639745027918004
25048,0.2503354075306129
25049,0.37238635744661147
25050,0.2606567967490304
25051,0.13379516499650715
25052,0.15528323628309887
25053,0.050487036927969665
25054,0.2544084096265267
25055,0.1565563833292865
25056,0.16092547489202236
25057,0.1552425284427533
25058,0.1409148928947445
25059,0.14677146385182727
25060,0.30040103416773345
25061,0.12177753753276041
25062,0.1398766193524173
25063,0.3563105352651493
25064,0.25181284322051206
25065,0.03350640086860364
25066,0.15839228859089988
25067,0.11274232868315726
25068,0.1599032106126579
25069,0.14971988091393434
25070,0.3691219096040891
25071,0.13375568113648922
25072,0.14750000999479013
25073,0.37288452549357143
25074,0.1359654215546636
25075,0.16043972047397537
25076,0.15066879386769558
25077,0.1616614446617966
25078,0.1167116992415959
25079,0.15671522993087814
25080,0.37561103528868284
25081,0.13504175170202615
25082,0.22963880543264029
25083,0.1282956265980447
25084,0.1502946591891266
25085,0.3268268005630982
25086,0.14830528212244715
25087,0.3679131597385332
25088,0.12791974475313966
25089,0.21631544936732458
25090,0.13872894447867273
25091,0.37795678384976067
25092,0.2314466885648765
25093,0.3506128513772203
25094,0.28190993247287727
25095,0.1772089675758047
25096,0.14165968092138445
25097,0.334956834562926
25098,0.29040159296687945
25099,0.23021640158834583
25100,0.29454478256390926
25101,0.12969282392684872
25102,0.2535597558280321
25103,0.1828922669956054
25104,0.13374686886677475
25105,0.12663412217885456
25106,0.12367783306680594
25107,0.14871096160162972
25108,0.38118983637395226
25109,0.12586564824160829
25110,0.14941286056881892
25111,0.13574431690484423
25112,0.16225043165880998
25113,0.25610550387942044
25114,0.13461402631394828
25115,0.28308403235500074
25116,0.23961183678640857
25117,0.1270791990453149
25118,0.12357301457356984
25119,0.14522226205579872
25120,0.054134419085235516
25121,0.1442061809169022
25122,0.2405298160526284
25123,0.16135178344009257
25124,0.1512066575542183
25125,0.1517090771479598
25126,0.281645697348659
25127,0.25149828265592544
25128,0.4064259490384238
25129,0.15618245415073587
25130,0.13867868997884467
25131,0.13739759025926068
25132,0.13336659182829308
25133,0.1575850869667879
25134,0.05344778259724671
25135,0.13985937073841195
25136,0.1460365759604943
25137,0.13673609545514873
25138,0.15454296543042173
25139,0.12055992702920064
25140,0.1316681169627258
25141,0.1587812534539686
25142,0.1470767727179929
25143,0.03335709649702302
25144,0.13448918307784652
25145,0.13636622022313588
25146,0.23242647718276804
25147,0.1727948661919213
25148,0.23949510606632898
25149,0.26808969657836756
25150,0.12588733542938768
25151,0.13515129281667368
25152,0.06246724158861392
25153,0.1307577205828005
25154,0.3778446614657472
25155,0.1493413598162095
25156,0.14481655362445028
25157,0.1255014379151242
25158,0.1180706970677968
25159,0.15408368258372857
25160,0.13615328170514496
25161,0.1763271980642845
25162,0.14658274810233876
25163,0.1348446539734791
25164,0.13251655564119177
25165,0.11386519486881908
25166,0.054801903662738384
25167,0.16529035680028872
25168,0.17128832633131888
25169,0.05039815925703571
25170,0.13985954723403166
25171,0.17401878041751687
25172,0.1530612535051426
25173,0.05296952235904849
25174,0.1697961675439204
25175,0.13772283747538547
25176,0.05633176507964914
25177,0.1415688231912817
25178,0.11620182344395553
25179,0.15036171570654058
25180,0.16391170942031633
25181,0.10402615983375055
25182,0.36852816294916024
25183,0.12649969237934147
25184,0.13097968293004011
25185,0.14222505457271156
25186,0.15155133652534986
25187,0.12455512908800537
25188,0.14139070142541105
25189,0.12117024061185286
25190,0.16858323381506415
25191,0.2609421894024141
25192,0.3917108424464214
25193,0.15514496299382324
25194,0.13434962564603786
25195,0.36518353951097915
25196,0.13450290193753667
25197,0.12151149127810268
25198,0.053083743575704764
25199,0.2961219523270834
25200,0.1413187300569488
25201,0.3584325771190082
25202,0.1223890829572617
25203,0.12073690824338257
25204,0.12021384889206807
25205,0.2524693173383552
25206,0.1295904020789343
25207,0.1303519967047499
25208,0.1342358853476829
25209,0.25127211042646524
25210,0.1474628695549304
25211,0.12109907666096227
25212,0.37006204956091276
25213,0.0889352932264458
25214,0.1314893396777454
25215,0.13986002749144988
25216,0.24409168603248585
25217,0.22756670156069786
25218,0.1284570106863371
25219,0.15195904464047122
25220,0.16335046633899386
25221,0.2463156739434904
25222,0.15816547468326245
25223,0.1463326703044014
25224,0.13396007851848424
25225,0.14847365118312966
25226,0.3488945444958705
25227,0.1222996057543972
25228,0.16997988676710257
25229,0.12846000501312455
25230,0.16723266377211354
25231,0.13102465177509395
25232,0.12431477127844608
25233,0.14690615140369345
25234,0.38323648821401834
25235,0.14314947882613374
25236,0.16917000212744987
25237,0.3533788660690602
25238,0.25846428365848506
25239,0.15314855058272095
25240,0.3586867407648559
25241,0.1321287937110373
25242,0.131269446672371
25243,0.14319056588441206
25244,0.395044356225098
25245,0.1470752634980194
25246,0.16059960404016702
25247,0.16892887884301383
25248,0.048371931287867806
25249,0.17306924854287045
25250,0.13746742498999154
25251,0.13860028362325458
25252,0.21362346676064728
25253,0.05796268274736316
25254,0.15971165289492614
25255,0.23714132501748816
25256,0.13798546019123548
25257,0.12486735363501275
25258,0.1286036914650066
25259,0.14944796982625633
25260,0.2571766394424545
25261,0.2602389177581931
25262,0.16562120863119306
25263,0.13232578645168752
25264,0.1287254297333145
25265,0.13798971767382978
25266,0.1410851902957581
25267,0.1338472218334506
25268,0.13064659873821283
25269,0.25334841207689757
25270,0.12971404917523904
25271,0.05073305667357804
25272,0.12689137739526424
25273,0.36519876009573293
25274,0.13204888813878585
25275,0.21024510996251272
25276,0.13230616724710847
25277,0.14289043395169068
25278,0.2437501142701676
25279,0.14848249634189106
25280,0.3682721218752995
25281,0.2541918794769341
25282,0.1694838831045446
25283,0.19136804899134058
25284,0.2274006292140644
25285,0.1547342962948476
25286,0.14158271683405738
25287,0.05912143709796604
25288,0.13907399907166773
25289,0.1439912101082356
25290,0.13693183706453857
25291,0.1455686150723074
25292,0.14764127573814667
25293,0.2609149868823411
25294,0.2994310612306672
25295,0.14797323411999241
25296,0.1388804204807156
25297,0.15672658073391266
25298,0.05590627730219908
25299,0.15801876120322125
25300,0.055778226919034314
25301,0.15323651661313403
25302,0.1457303046717588
25303,0.1456993821948555
25304,0.15559044693992474
25305,0.2881467771990178
25306,0.16358798913914202
25307,0.14213254955006271
25308,0.11939530963757967
25309,0.12621392604311085
25310,0.13860422550791537
25311,0.18136596044386585
25312,0.13456716646015404
25313,0.14987723794268554
25314,0.15057765385181288
25315,0.16571435174354143
25316,0.054436209493710884
25317,0.11475195089818566
25318,0.22032701766028867
25319,0.12636498214907743
25320,0.23656834523251624
25321,0.1434050263612761
25322,0.14367240333704392
25323,0.1620918922059656
25324,0.26234620987841206
25325,0.12881304280502137
25326,0.22305814552966674
25327,0.2522157350378813
25328,0.15691596426652857
25329,0.12795423028097946
25330,0.1498167916998629
25331,0.03221742176545297
25332,0.15612011621715638
25333,0.11995438132797429
25334,0.35743235676442076
25335,0.24726334950192555
25336,0.346445802198462
25337,0.2513522297382076
25338,0.11755503673567683
25339,0.24721339792083766
25340,0.13781612754547232
25341,0.15983368856752345
25342,0.12260377036056765
25343,0.3597833564047431
25344,0.21933986230344837
25345,0.15053446420416083
25346,0.17133144194377045
25347,0.15638179769111474
25348,0.160339361850696
25349,0.13437236439216507
25350,0.16844364004420495
25351,0.1220466014953339
25352,0.05731293613829137
25353,0.14660988696205518
25354,0.1517642706567848
25355,0.16255513386444154
25356,0.12669213412241048
25357,0.0337442654546518
25358,0.23424166031335752
25359,0.36583692500526055
25360,0.12982546127367955
25361,0.14464308236699253
25362,0.26293237442031225
25363,0.1332479813646313
25364,0.12054187212110339
25365,0.14436565090528983
25366,0.3519859507805417
25367,0.15595735772509292
25368,0.12700787776630737
25369,0.1368430818483292
25370,0.1394813116732226
25371,0.14440264858622442
25372,0.12527623982980204
25373,0.2558681581821667
25374,0.28829027701915655
25375,0.2861446916372671
25376,0.14304497440854158
25377,0.3745268558753812
25378,0.1246291172787725
25379,0.15224930150960797
25380,0.05032043478465981
25381,0.05631544135258817
25382,0.1428048987845288
25383,0.15409692186815
25384,0.12216188876477962
25385,0.12609337867756693
25386,0.35942661348997756
25387,0.12034669014426132
25388,0.15641041069359618
25389,0.12860575174160055
25390,0.2837085072462639
25391,0.11224666016807591
25392,0.13580296592541605
25393,0.13564242469056803
25394,0.13435498727172482
25395,0.3552505925150063
25396,0.1331125217542556
25397,0.06371444886202951
25398,0.15800987340909395
25399,0.13930054482649595
25400,0.14709460738737537
25401,0.16227760199325345
25402,0.21892951043439396
25403,0.26810002637098146
25404,0.14048318081948155
25405,0.1303670632512916
25406,0.10926542200182132
25407,0.13421646019389852
25408,0.16598379457723317
25409,0.13601477568616774
25410,0.2793697976914209
25411,0.13159623756763775
25412,0.36447706238366784
25413,0.1431335343803799
25414,0.25640589610421494
25415,0.1587988034575822
25416,0.14014202819912538
25417,0.14324769572152207
25418,0.24539359374842834
25419,0.1322469939578268
25420,0.10769549603767188
25421,0.12427153525182348
25422,0.23984760991747525
25423,0.4180018409231585
25424,0.16655499964577886
25425,0.1303620649581977
25426,0.2744336871081707
25427,0.14730643435085738
25428,0.14956778771395238
25429,0.23162278210101084
25430,0.10537605752530295
25431,0.17553569359750854
25432,0.15882138651681618
25433,0.1599287830196278
25434,0.14439838122919252
25435,0.05880508496452136
25436,0.13756938221747322
25437,0.17766149085550517
25438,0.14936208445924953
25439,0.11596802744505338
25440,0.23744544982030638
25441,0.13208311678619686
25442,0.14438897320292213
25443,0.11969352267495732
25444,0.37072685922407833
25445,0.14208189297496537
25446,0.39326042377892134
25447,0.11558088346696135
25448,0.13597204669358542
25449,0.3748348686274844
25450,0.14085878178914552
25451,0.22473513737926493
25452,0.0573937028252028
25453,0.11919744989110592
25454,0.13439483719966688
25455,0.13985732240147292
25456,0.14734634384157902
25457,0.13322468687144026
25458,0.11473822471362678
25459,0.26094490710021917
25460,0.05146338680642589
25461,0.12221664793341762
25462,0.1445149998063434
25463,0.12204874776712449
25464,0.3568719199299538
25465,0.3528007249461342
25466,0.24114170065692453
25467,0.14926953167966392
25468,0.16003389783384825
25469,0.1517216971106791
25470,0.2574416682088288
25471,0.15254542724864273
25472,0.12448222451543127
25473,0.15613741653195168
25474,0.1327286886253273
25475,0.24701814471756506
25476,0.13808025827499953
25477,0.37242359434368155
25478,0.137645477678762
25479,0.3690997316732851
25480,0.2936145560256274
25481,0.13270939844211482
25482,0.25546541650509336
25483,0.1331210509471702
25484,0.13388999316179112
25485,0.14937874456754135
25486,0.2245452484962184
25487,0.3608736492904057
25488,0.22991579519557304
25489,0.11742696393003312
25490,0.11966214303772263
25491,0.12163081862083167
25492,0.14691323261173736
25493,0.1539718704513219
25494,0.12875182207768673
25495,0.09730402096281232
25496,0.0600710668155824
25497,0.15693259961737355
25498,0.05613737470904676
25499,0.16110588156122893
25500,0.287509306899678
25501,0.06652868666041492
25502,0.1506109170720206
25503,0.14957450696646518
25504,0.2500129769337151
25505,0.05056709869070873
25506,0.15725193415093439
25507,0.05408387913389763
25508,0.13512118003954
25509,0.12915754974715948
25510,0.1660187523261792
25511,0.15539288474437024
25512,0.36381841382450386
25513,0.2591017326309336
25514,0.2215859415899745
25515,0.13478773752096132
25516,0.1553554623673426
25517,0.052743291764395205
25518,0.1827129457676901
25519,0.15063535216826923
25520,0.13159404406060957
25521,0.13521269120950916
25522,0.1518709096052106
25523,0.24614002226036513
25524,0.1297518516305857
25525,0.12423980945803945
25526,0.046283617435523075
25527,0.12561488895486275
25528,0.23671923664391142
25529,0.1544415100819867
25530,0.05352349681576683
25531,0.13812785427771754
25532,0.11772716251969566
25533,0.13120525262842703
25534,0.14803443087759205
25535,0.3557860144416166
25536,0.24679967188148727
25537,0.2558988382945343
25538,0.12259310516840649
25539,0.15910410730717298
25540,0.12543638807804314
25541,0.11548914667503785
25542,0.14762683207636065
25543,0.14057372109665303
25544,0.1218433433354815
25545,0.1523384787505596
25546,0.15614993536200084
25547,0.1454826688967886
25548,0.11968700945049013
25549,0.0582172483052321
25550,0.14952850961673894
25551,0.11266230195515362
25552,0.1539648800454547
25553,0.3746419043616166
25554,0.06114601520743346
25555,0.08177379692885367
25556,0.1554782426695435
25557,0.16078115720377337
25558,0.1368053888797262
25559,0.17294497031413766
25560,0.14356763361661257
25561,0.049209459141393616
25562,0.15587272742823774
25563,0.13123104255586332
25564,0.11297187438005359
25565,0.13501592416436642
25566,0.1437389161245976
25567,0.13457627341265224
25568,0.12370640224444758
25569,0.15269197435299928
25570,0.1448241945268551
25571,0.28595325420979206
25572,0.14787703872077773
25573,0.23714795469784508
25574,0.1175347476778427
25575,0.16312202798053893
25576,0.13633618263827205
25577,0.12921882772406573
25578,0.15537114652758457
25579,0.11949685336737781
25580,0.21010793190503457
25581,0.246041858040127
25582,0.13163448144522563
25583,0.11878217922486556
25584,0.14392415844484246
25585,0.1384505828143011
25586,0.2440277355296508
25587,0.24479712671420467
25588,0.26124677711540156
25589,0.13759154162621062
25590,0.1395804819139555
25591,0.15393119303646677
25592,0.12228654970262631
25593,0.15725880048785576
25594,0.1372794014245084
25595,0.06452727645969891
25596,0.1345603346352692
25597,0.05047166857835082
25598,0.2728939799198436
25599,0.09991676075047423
25600,0.1533303954280066
25601,0.14166431680296276
25602,0.14885248297677128
25603,0.23758156618353216
25604,0.14361352262840435
25605,0.08198190595022488
25606,0.14890407562848626
25607,0.11757427805527325
25608,0.24574394674620575
25609,0.11518966823610544
25610,0.12715240776947867
25611,0.1296498059615256
25612,0.13193214164958217
25613,0.16584072219758111
25614,0.29948398344761396
25615,0.13160319925369451
25616,0.1354356747006243
25617,0.15668947675837366
25618,0.35766146940132293
25619,0.24125019192357328
25620,0.28398876848582355
25621,0.13743435884709637
25622,0.15893126567984547
25623,0.13721285687732163
25624,0.13431962582514823
25625,0.14210383075343974
25626,0.14931403783983202
25627,0.363823609346004
25628,0.053623066099631564
25629,0.03934297345703651
25630,0.14131912726993426
25631,0.25123741350340006
25632,0.12474868977729596
25633,0.11985158517239924
25634,0.13842723149878136
25635,0.10533282908726674
25636,0.1606930274452875
25637,0.03423739016751909
25638,0.1434669978693832
25639,0.12808184057961963
25640,0.17601882727571921
25641,0.14450164086044287
25642,0.12982593409195958
25643,0.15112186709422532
25644,0.2342496510787865
25645,0.13551017999452417
25646,0.15769705891793462
25647,0.14917644269041413
25648,0.14426624042140296
25649,0.2354131075191733
25650,0.149806471991559
25651,0.1629481964668646
25652,0.3098644079324717
25653,0.12181571466753109
25654,0.15687531115797854
25655,0.35738109819106356
25656,0.3635540207170407
25657,0.1321923844497235
25658,0.05219911705242889
25659,0.1138168855788082
25660,0.11213323207377382
25661,0.188721277442599
25662,0.12310822006130154
25663,0.12160439419483522
25664,0.25225707220848786
25665,0.14669972247043356
25666,0.054145698444035315
25667,0.14114958197584107
25668,0.1459906212090196
25669,0.25637698242093443
25670,0.14770028733556895
25671,0.1409420560657363
25672,0.18298456792717005
25673,0.04871631927619354
25674,0.1193382350347881
25675,0.13887633435703084
25676,0.23750306823596784
25677,0.12369766289149264
25678,0.17446772059635202
25679,0.15078656775222204
25680,0.14351303433353724
25681,0.14654024374423913
25682,0.14523159993252957
25683,0.40098739886232
25684,0.15707459039220695
25685,0.14025630942312745
25686,0.139275532725704
25687,0.1195353413815294
25688,0.3095216551923868
25689,0.1469006812070223
25690,0.13655253579960203
25691,0.13624223776883912
25692,0.14188324658489662
25693,0.14907318246002518
25694,0.22260324182179286
25695,0.14364807853214917
25696,0.1345850415863873
25697,0.3685216654092919
25698,0.13328038313468887
25699,0.05852663902073786
25700,0.1368339717528882
25701,0.14888153973979418
25702,0.14745528518566842
25703,0.27443155126105334
25704,0.38108370589659313
25705,0.14501207332567337
25706,0.14177654370559262
25707,0.2433612802148349
25708,0.27468565426381836
25709,0.12477358597738084
25710,0.0573843115950881
25711,0.21362102634145938
25712,0.1582959315779656
25713,0.04863245643380919
25714,0.052911421109257895
25715,0.15551023195621436
25716,0.12181802158438185
25717,0.04931257603267737
25718,0.1377875246506673
25719,0.1873456184317817
25720,0.14676769556371566
25721,0.2856316750890832
25722,0.3824171152009031
25723,0.1281910785608549
25724,0.13637061656358168
25725,0.13225735267153838
25726,0.05727026869904232
25727,0.13311827990046293
25728,0.1210150578416727
25729,0.13664714801987005
25730,0.15927154014805786
25731,0.15268325552627648
25732,0.1555980274021637
25733,0.09478214105715238
25734,0.2658295675133099
25735,0.11798208932024709
25736,0.14951664430035266
25737,0.14234559327298552
25738,0.22522595896431824
25739,0.058438045458850264
25740,0.12624505014158524
25741,0.14214244317286262
25742,0.13491426717119392
25743,0.12921124470259038
25744,0.11964327140057865
25745,0.11358739258805192
25746,0.14758906594654256
25747,0.12777938728976995
25748,0.13812514163719977
25749,0.279535958257499
25750,0.14351946527689832
25751,0.3533721110615281
25752,0.15395895561999282
25753,0.3768153078596143
25754,0.13049512617565653
25755,0.04722732583008431
25756,0.16110580806079308
25757,0.17660021130332829
25758,0.08855457624277396
25759,0.2414462523013848
25760,0.1330809247409495
25761,0.13261488965805315
25762,0.12745360942587836
25763,0.1275061672586607
25764,0.12480421108827211
25765,0.1325677684083604
25766,0.1376163916141287
25767,0.41465371459224115
25768,0.12090607965707936
25769,0.16311062530858872
25770,0.050921017780165875
25771,0.23345213309387747
25772,0.11583760722977736
25773,0.1594498827373551
25774,0.37293014153476356
25775,0.14820006251968082
25776,0.12076256266849443
25777,0.25889558163280235
25778,0.16730455777850345
25779,0.14767479555710264
25780,0.2492074439480732
25781,0.1550665969110407
25782,0.12229409100689762
25783,0.1662541807278665
25784,0.15626289426963064
25785,0.052914259450799375
25786,0.12720118618938142
25787,0.10119686353772388
25788,0.36308685614722114
25789,0.1324928622424933
25790,0.1353518119503436
25791,0.15097355351259964
25792,0.1474730964899042
25793,0.15719365138642077
25794,0.14143794017517392
25795,0.1598242766674736
25796,0.13489582998311975
25797,0.20432232162484407
25798,0.1440973842757037
25799,0.27157891684215685
25800,0.16137688322161076
25801,0.1255232346229587
25802,0.26202470832071745
25803,0.15195332005758594
25804,0.030966601296360956
25805,0.13343619394401185
25806,0.15293865430221412
25807,0.3657828351567215
25808,0.13310093717297233
25809,0.12443621890026295
25810,0.14379140606968105
25811,0.031250591539044824
25812,0.13392674981395797
25813,0.12972113109336922
25814,0.35913372808120847
25815,0.12182705849962731
25816,0.1262305543425139
25817,0.37625928449904683
25818,0.06562094288298001
25819,0.19533402682528184
25820,0.1251463163430629
25821,0.13048367172439387
25822,0.15190822594053363
25823,0.16030775732621813
25824,0.05359974032003513
25825,0.15207686761460776
25826,0.13647368833361187
25827,0.051969751705193135
25828,0.24748503283736384
25829,0.06009039030091516
25830,0.12472039752822081
25831,0.14396770673727205
25832,0.1341648954915239
25833,0.13953876295987797
25834,0.22437557495217603
25835,0.15688275301975194
25836,0.3363548369447466
25837,0.215751516123149
25838,0.13785380751394763
25839,0.13368480182385803
25840,0.1526669845339513
25841,0.15385854934481002
25842,0.133768223105926
25843,0.13298191318569347
25844,0.2122067271735047
25845,0.262420706903481
25846,0.05981272333250548
25847,0.12205333016093937
25848,0.06230114822564241
25849,0.12086249492674132
25850,0.14029553488666874
25851,0.15119225809552525
25852,0.1415672478549726
25853,0.05133872834564548
25854,0.14683693744568482
25855,0.1528410423213126
25856,0.14201786928128707
25857,0.1742674905210183
25858,0.26331146151878665
25859,0.12222919999466655
25860,0.1294922858414786
25861,0.36369425109064635
25862,0.17094523852803628
25863,0.1332553396298294
25864,0.13229522267731758
25865,0.11489112607337575
25866,0.24408883153274266
25867,0.13599212271418037
25868,0.23722081300802741
25869,0.1304767985485221
25870,0.16474081785649494
25871,0.2762040504130431
25872,0.06271433722720747
25873,0.13884018033905723
25874,0.13805510974172752
25875,0.1321751387605779
25876,0.12038495843437966
25877,0.13221738950430273
25878,0.2462012725008349
25879,0.17003981251805683
25880,0.14561596689400394
25881,0.03390792188064822
25882,0.14961715463859726
25883,0.1484924854007246
25884,0.13118747856092955
25885,0.24966200355602436
25886,0.3872336937794653
25887,0.149276230923007
25888,0.15240181879822992
25889,0.1375203090064744
25890,0.1337547394843736
25891,0.12213203163747481
25892,0.14929354170606673
25893,0.15240915155336063
25894,0.361283184471485
25895,0.12442558496653659
25896,0.23562687665839968
25897,0.2601766289568375
25898,0.14226948378992424
25899,0.05915361844846147
25900,0.13292826005561104
25901,0.13173392692483082
25902,0.1308838827677677
25903,0.12228657451009253
25904,0.15459098062955492
25905,0.13648070163100673
25906,0.12390715652010724
25907,0.14143145987838532
25908,0.12486193432415178
25909,0.15097483168809633
25910,0.13786034344418946
25911,0.13324717480969853
25912,0.14047647036367578
25913,0.2349156891040438
25914,0.14947882244419183
25915,0.12260493684611648
25916,0.13741746961368742
25917,0.15629419782735293
25918,0.13312881579645466
25919,0.05030852699385539
25920,0.13404550357166517
25921,0.23070390194295362
25922,0.14049899913486186
25923,0.1282090375187491
25924,0.23379699714203586
25925,0.1527929409776359
25926,0.1645255699233189
25927,0.14284485497589583
25928,0.2443772514348877
25929,0.13455236876309956
25930,0.1583577531619845
25931,0.13212149856266436
25932,0.14992451112940625
25933,0.16374429976292446
25934,0.1349960669772008
25935,0.053752376398499335
25936,0.160921558048005
25937,0.12443627290583328
25938,0.05391190719510548
25939,0.2503682783996492
25940,0.15904112245469273
25941,0.13511113165345212
25942,0.12801768827083446
25943,0.1187102679037132
25944,0.2797080005270997
25945,0.1230385240774617
25946,0.12680860034124036
25947,0.23849725902864818
25948,0.15244918219033965
25949,0.3691121208792557
25950,0.1370472657364803
25951,0.13066621973520354
25952,0.15200231785946258
25953,0.16217387141959208
25954,0.05452935054597339
25955,0.1644355112672455
25956,0.15271054709822385
25957,0.1410238103522043
25958,0.16103705416307018
25959,0.1884835982187178
25960,0.12682846174324022
25961,0.1366922761187505
25962,0.24474001247740307
25963,0.12202962842737046
25964,0.1693564858756318
25965,0.15274102002112802
25966,0.12206532305954568
25967,0.14326340778960076
25968,0.1395329223803719
25969,0.11959037640573053
25970,0.15892377208253783
25971,0.05741931263202475
25972,0.2652488060283414
25973,0.056665921578443336
25974,0.1643577799978883
25975,0.14511166542304438
25976,0.1397945058923267
25977,0.28790664730691623
25978,0.17359073329589808
25979,0.15241998729175457
25980,0.25482342466759034
25981,0.3737953500391904
25982,0.030116985844533473
25983,0.052297965331232155
25984,0.05510710891974563
25985,0.2732948112336496
25986,0.1379934381984202
25987,0.13819690777133103
25988,0.12970762654443185
25989,0.12449316022873891
25990,0.1206991946768589
25991,0.15655099333094208
25992,0.10314984890257817
25993,0.25989263247206335
25994,0.144831036342355
25995,0.12581945445007217
25996,0.1482940711355391
25997,0.15522552694035252
25998,0.1267470304605448
25999,0.14757616888560537
26000,0.15841706386965596
26001,0.12400491094353303
26002,0.14052595077706642
26003,0.122985224434024
26004,0.1355558609780933
26005,0.13796903055723303
26006,0.1534557361334202
26007,0.1275832962106279
26008,0.16749207665843563
26009,0.13485943403226136
26010,0.16956093866661678
26011,0.06025608480447946
26012,0.1225659001521033
26013,0.1403258136979381
26014,0.1205832384222133
26015,0.1682581921816855
26016,0.2167870166326292
26017,0.2503722325259232
26018,0.13507187039980798
26019,0.05193474557004758
26020,0.10875080135393574
26021,0.2233987697565813
26022,0.16428657962028712
26023,0.10902152670703995
26024,0.10957616322591138
26025,0.1505328022218313
26026,0.2220453482816121
26027,0.3385440987391027
26028,0.05453352345736414
26029,0.0331152098990357
26030,0.11410033936944419
26031,0.1463041466524731
26032,0.3955168673666106
26033,0.11675588363892224
26034,0.15185659869445547
26035,0.05649391042656453
26036,0.13128465066283024
26037,0.23039487286384214
26038,0.13672457629575344
26039,0.16525886053244906
26040,0.2538269496498641
26041,0.14371249739143263
26042,0.05150776289538615
26043,0.12104123495771164
26044,0.13704454334245955
26045,0.1324831867749084
26046,0.15442749770795297
26047,0.24774597939046053
26048,0.15001444130775615
26049,0.2676038746722966
26050,0.1630328318245214
26051,0.13646350466107404
26052,0.05406738048407957
26053,0.1494126693415046
26054,0.053760061308128104
26055,0.14086841448593818
26056,0.2687537677895786
26057,0.12337138334042493
26058,0.20901020729350087
26059,0.1359755256971758
26060,0.1472646994555679
26061,0.11993320727213648
26062,0.14656402196020654
26063,0.13504651694354264
26064,0.12651142749684335
26065,0.16878231019651668
26066,0.12623582680383913
26067,0.057015995090596475
26068,0.15246408968095423
26069,0.14730667667852743
26070,0.23197666411147186
26071,0.13072218877531086
26072,0.15079709090719343
26073,0.15460129037912032
26074,0.14988163812771166
26075,0.14361229369007109
26076,0.151757323565738
26077,0.2694591689732736
26078,0.34251025814407365
26079,0.15715627933356488
26080,0.17361355977922627
26081,0.14072525609146178
26082,0.1190625062615039
26083,0.12650347395289854
26084,0.12430726591858454
26085,0.12426749554783492
26086,0.11999696524168021
26087,0.11982599630983382
26088,0.12318636165228096
26089,0.14483367799221156
26090,0.15695880540615822
26091,0.12115113341995573
26092,0.3016073578155055
26093,0.13262916262733693
26094,0.15121090807689003
26095,0.05848202841305679
26096,0.14184651626553724
26097,0.3585899324372839
26098,0.408833992116004
26099,0.15267217780127865
26100,0.13715113412682262
26101,0.06065605388597926
26102,0.12949150004896665
26103,0.26597477851116175
26104,0.3496974837893989
26105,0.0642912518363499
26106,0.05175303990679044
26107,0.1581663772793763
26108,0.06105190055551986
26109,0.15121666165825481
26110,0.16791416396276776
26111,0.12297157144123609
26112,0.14365058817930676
26113,0.1526820056616389
26114,0.1503701212829865
26115,0.11667918022105842
26116,0.12740812350099467
26117,0.12440544153844502
26118,0.14874579262887885
26119,0.13766579767265846
26120,0.40416554050905995
26121,0.13142600903671525
26122,0.13247497992539065
26123,0.12395872306550629
26124,0.26154262678542806
26125,0.1542898125412771
26126,0.13882517484219653
26127,0.11133322402039832
26128,0.055358363114474465
26129,0.12693001308228657
26130,0.02869019450053285
26131,0.16012554564464432
26132,0.05860259846548789
26133,0.28836443999980826
26134,0.12330154107418186
26135,0.15377865036521612
26136,0.1283018706149735
26137,0.14686752527223676
26138,0.13461733479783938
26139,0.14853111102388633
26140,0.25444239211565095
26141,0.060081988577278644
26142,0.28648942788483006
26143,0.14912152986386823
26144,0.1864786149746138
26145,0.150798185175799
26146,0.15885877051509006
26147,0.052069590846690314
26148,0.13564928470637316
26149,0.14850985892808147
26150,0.05807262796211118
26151,0.14191416688985029
26152,0.13554865886795642
26153,0.1233483847758374
26154,0.25138333027716614
26155,0.156899248854313
26156,0.14567334124160675
26157,0.13927768211270777
26158,0.057710094534954084
26159,0.14212753132813197
26160,0.13370063889116074
26161,0.2569727124917893
26162,0.13983404911847414
26163,0.13088231819836202
26164,0.27001235715252636
26165,0.163367902945053
26166,0.1391084085283321
26167,0.12247583462524318
26168,0.18910083961677898
26169,0.06576036065959333
26170,0.13625179389674597
26171,0.17198252280280518
26172,0.24572605550591206
26173,0.14309320837049339
26174,0.3625976686935982
26175,0.05725499268500707
26176,0.15543037342712163
26177,0.37609643433907164
26178,0.08202624487721398
26179,0.14420561381848182
26180,0.1329530924928863
26181,0.1321339457585588
26182,0.2783769902811647
26183,0.1430002425456988
26184,0.13806116679570787
26185,0.27154527950060026
26186,0.14561965037646535
26187,0.15150347326962854
26188,0.15849158722789208
26189,0.05709893578193033
26190,0.16856127963233858
26191,0.13273333214847935
26192,0.12109364507656233
26193,0.1299041726585231
26194,0.1270247524561852
26195,0.08542057634922118
26196,0.05260905592413765
26197,0.13169062043508664
26198,0.15938644781068706
26199,0.1474748831872422
26200,0.2571510977761407
26201,0.11745230029518464
26202,0.2798589243484627
26203,0.23823542557129712
26204,0.14040905374224394
26205,0.28680084760832736
26206,0.1355017516472758
26207,0.18198764144759225
26208,0.3752041382697763
26209,0.23557998814617634
26210,0.1489742785126561
26211,0.3943790830945598
26212,0.05884529693144117
26213,0.239428888559524
26214,0.4062836209503714
26215,0.15448705670954194
26216,0.16629372580486634
26217,0.14152193011960595
26218,0.12630584388357421
26219,0.154331125517969
26220,0.1344182734275683
26221,0.14038461410695136
26222,0.14498321394994035
26223,0.13987202848440758
26224,0.1497373214971161
26225,0.12857515860433116
26226,0.1331915529677452
26227,0.1487094139415588
26228,0.1339880891853685
26229,0.1712021769062943
26230,0.24586715818441668
26231,0.05916423099180936
26232,0.1402713763973895
26233,0.1590593925580205
26234,0.12371655114144431
26235,0.27513156617654994
26236,0.12076844703904058
26237,0.12412703713113415
26238,0.12764716000705778
26239,0.2906399323163621
26240,0.128989546008535
26241,0.12169396576635774
26242,0.1208297480511821
26243,0.14917441662968
26244,0.1516052942753151
26245,0.1444425040071519
26246,0.14673872419932713
26247,0.14002858254911038
26248,0.14730389355022772
26249,0.2787092765731469
26250,0.13452996201711356
26251,0.2411887387926158
26252,0.15361277365576248
26253,0.16353993585354976
26254,0.15294033802808923
26255,0.16058572903440071
26256,0.2743287898423806
26257,0.1299346609439383
26258,0.2556452139379834
26259,0.35343390533301533
26260,0.14841420967961677
26261,0.1708323588941656
26262,0.1299134812516242
26263,0.14965677646591383
26264,0.13609700234331315
26265,0.1332360842649619
26266,0.127543762004355
26267,0.17377595531696122
26268,0.14638307675595377
26269,0.11555062551854926
26270,0.14864408702663293
26271,0.24101699962367512
26272,0.18899673491292976
26273,0.13714623556018496
26274,0.1279630053560949
26275,0.12342369372451785
26276,0.14579385458027838
26277,0.17251160700138954
26278,0.1424731943955441
26279,0.1300562382562864
26280,0.17075996066295604
26281,0.06386261426710538
26282,0.15567354088373178
26283,0.24893799652527746
26284,0.14075453577238878
26285,0.2292208283312033
26286,0.05516561535279056
26287,0.15280517379380387
26288,0.23382702818843257
26289,0.13066806512784085
26290,0.13360004376225035
26291,0.13358620158264903
26292,0.1552506798527335
26293,0.15856993227601687
26294,0.36804907756032923
26295,0.05057785719241772
26296,0.1321860377241368
26297,0.12787635659549149
26298,0.05780433078588913
26299,0.12833873004262353
26300,0.11725265049383897
26301,0.21954905279020265
26302,0.12902095871373273
26303,0.14658295675354835
26304,0.12664014431100684
26305,0.26435063204678605
26306,0.1289953337779152
26307,0.13373061828213822
26308,0.30300437847261075
26309,0.21516110467668786
26310,0.16594280041929427
26311,0.37856185468434783
26312,0.14444026072822172
26313,0.05434328479906929
26314,0.1298240543781622
26315,0.15412610961210932
26316,0.12481433326306632
26317,0.39944757680266796
26318,0.15173829011408563
26319,0.15088700062433197
26320,0.13008283282626237
26321,0.1460682217011938
26322,0.1200409063785691
26323,0.1670331004302373
26324,0.14793971797479066
26325,0.1810832953430715
26326,0.03369379731062407
26327,0.05510118947408456
26328,0.12299614835624521
26329,0.13727629106383768
26330,0.13441552605918328
26331,0.39655163294067386
26332,0.15639704201369944
26333,0.0570417941338609
26334,0.13900052188393258
26335,0.23803721027927832
26336,0.17360636358910986
26337,0.13952189553635938
26338,0.14702857577740908
26339,0.14635649881284
26340,0.028816635975707095
26341,0.04170564020910865
26342,0.36606890746698867
26343,0.13754352964183095
26344,0.14511423938280116
26345,0.1345968894687135
26346,0.15996238879388516
26347,0.1351295274931224
26348,0.12709022744714008
26349,0.12973514483079115
26350,0.23836406334971785
26351,0.14831918395937221
26352,0.1723040206721818
26353,0.05066143212360067
26354,0.034345754731094344
26355,0.16393255907454712
26356,0.14302064335004497
26357,0.12740895187307336
26358,0.13885899896191975
26359,0.026885925738935678
26360,0.16154024304177214
26361,0.12331867917784974
26362,0.1373571968621029
26363,0.05712832817106652
26364,0.13535909154734668
26365,0.13875291843216603
26366,0.13899029899505608
26367,0.16138055411856786
26368,0.38303360813919185
26369,0.14508172495320928
26370,0.13585253455847798
26371,0.05089008105610916
26372,0.2834037771527598
26373,0.12466812272268384
26374,0.14577416892899123
26375,0.13192955218242114
26376,0.1411083030758187
26377,0.052448424168083374
26378,0.13676234951885563
26379,0.12508392267369636
26380,0.13538377685915684
26381,0.2663530062298324
26382,0.1715681705716171
26383,0.27450526213418913
26384,0.05543229760372652
26385,0.28501211377118085
26386,0.16548625810108558
26387,0.26804947485867653
26388,0.14647323965195896
26389,0.1434832832809987
26390,0.1475114760678032
26391,0.05654946668402283
26392,0.14134235380570664
26393,0.1393897046687844
26394,0.13586830788475854
26395,0.11898282158600884
26396,0.14138713931479818
26397,0.13560224999141013
26398,0.1454516796719993
26399,0.15183924110128494
26400,0.05448412539027651
26401,0.1506267659792726
26402,0.2450993599234767
26403,0.15128669887704047
26404,0.13205237452365196
26405,0.04992989560154956
26406,0.25099179985866527
26407,0.1304857525715315
26408,0.1643187276240589
26409,0.15339825530462428
26410,0.12377109382069044
26411,0.15486211086859086
26412,0.053183257317111134
26413,0.14800811677007153
26414,0.24239255619427147
26415,0.1161834894712952
26416,0.15007442428691414
26417,0.1955190977510655
26418,0.15550323404498084
26419,0.4355410696539537
26420,0.13473303016655205
26421,0.25348250015263685
26422,0.14774373439946434
26423,0.13559676999350478
26424,0.23644303840521222
26425,0.12585771852029218
26426,0.13554521570254077
26427,0.22527437961295482
26428,0.13273345086666782
26429,0.12820316371880042
26430,0.1483582537090306
26431,0.1336420122882718
26432,0.11531783935378359
26433,0.1419686931502664
26434,0.12970825276072578
26435,0.05569556322853357
26436,0.13613514888020858
26437,0.1535044084718913
26438,0.1496621174539426
26439,0.1250824280454766
26440,0.12307608883440158
26441,0.14463923339015633
26442,0.16109292790426216
26443,0.13761314414687148
26444,0.1489250518712663
26445,0.1330239144107521
26446,0.15465402841342318
26447,0.1475860334800631
26448,0.12668183948640277
26449,0.10707647620774682
26450,0.0504189669319927
26451,0.16063772433720178
26452,0.1301537162563508
26453,0.26576662317439154
26454,0.12123566952150996
26455,0.03160306343392734
26456,0.23829692913919617
26457,0.13958329943212844
26458,0.14496164327596406
26459,0.24728233908529784
26460,0.13146381992338624
26461,0.1751650011923957
26462,0.13176632288624282
26463,0.37297664933774205
26464,0.13183261648449854
26465,0.12459607046206238
26466,0.235840103794759
26467,0.23379987512164607
